Region,N,P,K,Temperature,pH,Humidity,Rainfall,Crop
Benishangul-Gumuz,111,60,74,19.8,5.53,78.9,848.4,Maize
South West Ethiopia,104,37,46,24.6,6.79,59.1,587.4,Wheat
Afar,96,53,146,19.3,5.33,70.5,1103.8,Potato
Amhara,21,55,74,20.2,6.95,44.0,883.3,Groundnut
Amhara,67,53,56,15.7,7.17,52.0,520.6,Onion
Gambela,85,41,131,15.9,7.2,78.8,1039.7,Cabbage
Benishangul-Gumuz,64,46,72,24.7,6.53,74.2,1731.4,Enset
Somali,71,42,64,9.6,6.34,48.8,679.9,Barley
Gambela,69,53,63,12.4,7.23,47.9,542.8,Barley
Sidama,27,21,41,20.1,6.93,69.0,1044.4,Groundnut
Somali,113,47,59,18.1,7.22,51.8,479.1,Wheat
Gambela,112,59,109,28.9,6.43,57.4,1496.2,Maize
Somali,20,27,34,16.9,7.56,35.8,391.6,Chickpea
Central Ethiopia,109,46,31,15.8,6.4,60.2,706.3,Wheat
Somali,35,26,25,27.8,6.42,41.2,792.4,Chickpea
Sidama,55,14,13,15.2,5.63,69.4,952.7,Teff
Amhara,57,38,37,17.5,6.1,47.8,715.1,Barley
Gambela,112,77,116,20.8,5.23,76.3,701.8,Potato
Tigray,97,42,127,21.7,6.38,71.6,1037.9,Potato
Sidama,190,60,122,25.2,6.08,76.5,1460.4,Sugarcane
Somali,32,35,49,28.4,5.95,54.1,723.8,Sesame
Central Ethiopia,115,22,73,18.3,5.91,78.2,1293.1,Coffee
South West Ethiopia,42,43,59,25.7,5.55,53.2,641.4,Groundnut
Somali,107,87,165,31.0,7.87,66.4,1510.0,Sugarcane
Central Ethiopia,98,89,78,22.5,6.25,63.0,1092.9,Cabbage
Benishangul-Gumuz,138,71,93,20.8,5.82,71.2,836.6,Potato
Benishangul-Gumuz,109,35,43,19.7,7.23,44.9,560.9,Wheat
Oromia,94,76,101,26.6,6.82,73.2,1809.0,Rice
Afar,119,44,81,31.4,5.76,82.3,1938.4,Rice
Oromia,22,25,45,20.5,6.35,48.0,673.2,Lentil
Amhara,119,25,67,24.6,6.9,50.7,754.8,Wheat
Central Ethiopia,34,36,25,17.0,7.55,39.2,400.4,Lentil
South West Ethiopia,58,15,11,20.3,6.06,65.4,754.8,Teff
Benishangul-Gumuz,33,53,24,19.5,6.85,37.3,328.1,Chickpea
South West Ethiopia,49,38,44,33.5,5.95,54.6,382.9,Sesame
Somali,19,30,44,17.6,7.05,52.7,599.4,Chickpea
Somali,56,20,40,27.2,6.59,49.9,525.1,Millet
Tigray,120,41,54,33.5,5.71,78.6,1408.9,Rice
Gambela,93,40,134,15.3,5.99,65.2,1009.4,Potato
Afar,40,16,20,19.1,6.8,62.1,1160.9,Teff
Amhara,88,54,124,24.7,6.62,68.1,789.8,Tomato
Somali,113,37,113,29.3,6.18,78.4,1325.5,Maize
Central Ethiopia,27,25,19,21.7,7.33,67.8,963.6,Teff
Oromia,99,43,65,12.4,6.88,53.2,364.2,Barley
Somali,93,60,26,19.9,6.13,56.4,552.4,Barley
Afar,28,17,43,28.8,6.37,53.0,657.3,Millet
Oromia,25,20,26,22.8,5.79,40.9,671.4,Sesame
Somali,26,50,62,25.8,5.59,43.7,657.1,Groundnut
Oromia,103,95,139,26.4,7.12,77.7,401.8,Tomato
Sidama,107,46,121,20.7,5.26,60.7,513.6,Potato
Oromia,123,56,58,34.0,5.58,87.0,1829.7,Rice
Afar,106,25,52,20.9,7.37,55.9,887.6,Wheat
Gambela,139,82,113,20.4,7.32,66.8,1061.0,Maize
Sidama,35,40,39,22.2,6.79,60.1,811.2,Groundnut
Central Ethiopia,88,25,66,19.1,5.67,78.5,1819.6,Coffee
Benishangul-Gumuz,34,57,49,21.5,5.62,55.4,1105.8,Groundnut
Sidama,29,22,25,15.5,6.08,54.2,832.8,Teff
South West Ethiopia,51,38,33,28.9,6.25,60.2,1074.0,Groundnut
South West Ethiopia,84,20,59,12.0,7.44,46.5,605.8,Barley
Benishangul-Gumuz,32,28,79,20.3,6.38,61.2,766.1,Groundnut
Amhara,47,18,37,22.5,6.09,53.3,510.9,Teff
Sidama,41,39,31,32.5,6.81,43.6,562.5,Sesame
Central Ethiopia,54,43,100,15.5,6.93,66.3,537.9,Onion
Oromia,160,77,195,20.3,7.52,64.5,1785.6,Sugarcane
Oromia,38,34,27,15.3,6.64,53.0,690.3,Lentil
Central Ethiopia,110,98,154,33.6,6.44,62.5,1222.8,Sugarcane
Amhara,64,99,88,25.2,5.97,75.3,725.3,Tomato
Somali,86,64,69,18.7,6.97,65.7,763.1,Cabbage
Gambela,22,28,29,15.3,7.3,52.2,457.9,Teff
Gambela,63,80,93,25.9,6.21,53.1,793.6,Onion
Tigray,68,55,53,22.0,5.97,85.0,1461.7,Rice
Afar,96,30,43,15.1,6.48,49.5,565.7,Wheat
South West Ethiopia,113,96,135,29.2,6.91,60.7,1486.1,Sugarcane
Oromia,100,35,46,18.2,5.84,75.7,1242.5,Coffee
South West Ethiopia,39,37,60,31.1,7.05,52.5,698.3,Sesame
Tigray,54,34,40,22.2,6.33,33.5,476.9,Millet
Gambela,78,76,110,23.6,5.63,56.0,823.8,Tomato
Benishangul-Gumuz,118,100,128,29.3,7.46,74.9,816.7,Tomato
Benishangul-Gumuz,53,26,83,22.5,5.7,82.8,1219.8,Coffee
Afar,96,28,94,25.0,6.86,77.8,1397.1,Enset
Central Ethiopia,104,66,75,20.0,6.8,70.9,1097.9,Cabbage
Sidama,58,53,47,14.6,6.21,46.5,599.0,Barley
Somali,163,54,139,25.3,6.27,82.8,1619.5,Sugarcane
South West Ethiopia,34,31,40,34.8,6.8,31.2,617.4,Sesame
Sidama,30,19,17,23.6,5.65,68.3,743.3,Teff
Somali,116,41,87,22.9,7.45,82.9,685.9,Cabbage
Central Ethiopia,59,23,52,34.7,5.76,49.0,679.3,Sesame
Gambela,36,13,52,30.8,5.68,57.4,455.2,Millet
Afar,73,22,20,32.0,5.85,44.2,828.1,Sorghum
South West Ethiopia,127,37,108,21.1,6.98,68.9,1170.4,Maize
Central Ethiopia,48,28,37,33.1,7.06,39.5,420.9,Sesame
Gambela,81,43,54,26.4,7.16,55.8,1059.7,Maize
Amhara,101,61,159,31.5,7.72,67.9,1468.4,Sugarcane
Gambela,33,27,35,28.1,6.96,52.7,569.5,Millet
Sidama,104,54,59,28.0,7.25,62.1,909.7,Maize
Somali,63,70,91,24.8,6.19,56.2,553.3,Onion
Central Ethiopia,111,100,182,29.5,6.71,71.1,1384.1,Sugarcane
Sidama,80,32,27,21.4,6.95,39.2,778.2,Sorghum
Tigray,65,50,52,15.6,6.12,63.3,456.2,Onion
Afar,19,34,50,28.7,6.53,59.7,692.2,Chickpea
Gambela,20,39,34,20.4,6.56,53.7,400.8,Sesame
Central Ethiopia,32,12,37,28.8,7.21,56.6,333.3,Sesame
Central Ethiopia,38,28,56,34.1,5.91,30.3,706.9,Sesame
Central Ethiopia,33,15,31,29.5,6.72,39.7,777.4,Millet
South West Ethiopia,34,39,20,17.3,7.22,42.8,744.8,Barley
Oromia,97,41,88,23.5,6.35,68.8,1298.9,Coffee
Oromia,117,95,131,20.9,6.3,60.3,637.1,Tomato
Sidama,37,38,32,24.3,7.3,37.2,579.8,Lentil
Afar,50,25,25,19.8,7.48,61.5,496.8,Teff
Gambela,64,38,41,23.0,6.54,67.3,459.1,Wheat
Gambela,30,24,29,30.1,6.71,36.1,744.2,Sesame
Somali,25,20,28,29.0,7.02,33.8,317.6,Sesame
South West Ethiopia,105,27,42,21.8,5.92,78.5,1382.9,Coffee
Gambela,34,15,59,24.8,5.82,35.2,577.1,Sorghum
Tigray,101,74,148,22.7,6.45,64.0,622.7,Cabbage
Benishangul-Gumuz,59,51,54,22.3,6.06,63.8,1099.9,Groundnut
Sidama,38,10,24,17.6,6.31,42.9,975.5,Teff
Oromia,17,33,32,23.8,6.97,30.7,508.3,Lentil
Somali,36,40,50,20.9,6.44,41.5,306.0,Chickpea
South West Ethiopia,19,40,44,19.9,6.39,56.2,507.0,Lentil
Oromia,58,25,75,25.6,6.15,82.9,1304.6,Enset
Gambela,116,58,146,15.2,6.45,77.4,707.7,Potato
Gambela,80,44,79,27.6,6.26,62.9,419.1,Onion
Afar,79,85,133,27.4,6.39,75.8,590.1,Tomato
South West Ethiopia,185,90,183,28.4,6.67,84.1,1209.8,Sugarcane
Somali,63,76,44,22.5,6.36,79.4,1394.2,Maize
Sidama,63,65,100,17.0,6.24,76.5,728.6,Cabbage
Benishangul-Gumuz,84,41,95,20.0,6.41,78.2,1823.7,Coffee
Gambela,33,43,60,29.7,6.11,42.1,1016.2,Groundnut
Oromia,40,20,29,21.2,6.61,48.1,427.1,Chickpea
Gambela,131,97,106,27.4,6.34,70.1,1480.4,Sugarcane
Gambela,87,23,44,18.2,6.57,61.6,1030.9,Enset
Somali,31,30,60,31.4,6.17,55.4,657.5,Millet
Tigray,106,69,136,20.2,5.68,77.6,570.6,Potato
Central Ethiopia,54,38,48,10.3,6.31,67.0,880.2,Wheat
Sidama,66,79,42,21.5,7.47,52.9,691.3,Onion
Tigray,47,39,55,28.0,7.05,42.1,650.5,Sesame
Sidama,23,29,58,22.6,6.76,33.9,525.6,Millet
Somali,32,56,32,22.9,6.91,37.0,626.8,Chickpea
South West Ethiopia,73,35,59,24.2,7.77,40.1,365.4,Sorghum
Benishangul-Gumuz,97,65,82,15.0,5.94,62.5,1100.6,Potato
Somali,70,22,84,20.0,6.13,67.3,1643.6,Enset
Gambela,91,45,52,20.2,6.46,84.0,1438.4,Coffee
Somali,36,35,38,21.2,6.53,35.4,379.5,Millet
Oromia,134,67,139,15.1,5.35,73.0,758.4,Potato
Oromia,36,22,22,17.7,6.69,49.7,617.2,Lentil
Central Ethiopia,43,33,27,30.0,6.34,47.1,654.0,Millet
Somali,62,48,110,18.2,7.38,57.7,700.1,Tomato
Somali,135,56,149,18.6,6.19,68.3,1118.4,Potato
Sidama,86,72,135,18.7,6.91,52.9,452.1,Tomato
Central Ethiopia,55,17,27,23.1,5.7,56.9,433.2,Teff
Central Ethiopia,37,17,11,18.0,6.3,51.3,593.0,Teff
Amhara,55,40,37,22.9,5.65,53.9,652.2,Sesame
Benishangul-Gumuz,69,47,67,19.6,5.54,85.2,1701.3,Coffee
Amhara,68,53,88,23.7,5.78,75.5,1159.8,Rice
Central Ethiopia,37,30,20,18.5,7.13,58.1,699.9,Chickpea
Oromia,117,47,84,16.2,5.68,73.9,851.5,Potato
Tigray,50,24,25,10.3,6.68,59.4,357.1,Barley
Central Ethiopia,82,66,40,25.8,6.17,58.8,658.0,Onion
Tigray,70,21,39,21.9,6.56,40.5,835.9,Sorghum
Central Ethiopia,27,21,43,22.9,7.67,51.0,516.3,Lentil
Somali,75,71,93,18.8,6.76,73.8,782.5,Cabbage
Amhara,88,28,81,19.9,6.54,61.9,1778.8,Enset
Sidama,40,52,86,21.4,6.21,60.6,310.8,Onion
Afar,65,43,72,24.8,6.05,68.2,732.1,Cabbage
Amhara,152,69,129,25.9,6.61,64.8,1607.2,Sugarcane
Somali,19,26,33,23.4,6.37,57.3,434.6,Lentil
Oromia,56,46,50,11.7,6.38,41.0,938.9,Wheat
Sidama,179,73,180,33.0,7.71,72.0,1340.8,Sugarcane
Oromia,11,53,46,15.4,6.77,46.2,460.7,Lentil
Amhara,42,49,79,10.4,6.52,51.5,564.6,Wheat
Central Ethiopia,110,54,144,18.0,6.29,68.2,810.2,Cabbage
Somali,50,41,61,18.0,7.02,50.4,448.5,Onion
Central Ethiopia,84,69,98,25.3,5.78,65.7,1003.8,Maize
Oromia,65,52,71,24.0,7.28,50.5,582.9,Tomato
Benishangul-Gumuz,89,56,147,17.9,5.64,68.5,1182.0,Potato
Benishangul-Gumuz,71,30,116,25.0,5.17,74.8,1646.5,Rice
Central Ethiopia,71,28,35,27.2,7.7,38.9,705.2,Sorghum
Gambela,29,16,40,26.8,6.98,46.0,711.4,Millet
Oromia,29,19,24,15.0,6.91,59.6,1112.2,Teff
Amhara,183,97,198,25.4,7.77,69.2,1946.2,Sugarcane
South West Ethiopia,75,48,88,20.6,6.47,87.3,1504.4,Coffee
Oromia,72,28,31,34.1,5.99,47.1,723.4,Sorghum
Somali,66,34,55,34.5,6.8,33.1,495.1,Sorghum
Tigray,91,89,82,25.0,5.57,66.7,543.2,Tomato
Somali,105,49,41,23.0,5.09,81.3,1340.0,Coffee
South West Ethiopia,17,33,24,23.1,6.94,36.8,672.7,Lentil
Tigray,81,29,92,23.4,6.38,80.0,1415.5,Coffee
Afar,35,54,56,23.0,5.51,65.8,792.8,Groundnut
Sidama,14,60,21,18.2,7.12,33.9,370.5,Lentil
Gambela,130,71,136,20.8,5.76,65.5,675.8,Potato
Sidama,113,48,89,23.7,6.32,89.4,1318.9,Coffee
Somali,88,83,146,20.9,6.81,63.4,1159.2,Cabbage
Benishangul-Gumuz,36,27,34,20.7,5.51,51.4,451.6,Teff
Afar,75,51,100,16.6,6.9,62.5,374.8,Onion
Gambela,27,43,26,21.0,6.66,51.4,453.8,Lentil
Tigray,73,80,73,25.9,7.44,55.1,657.2,Maize
South West Ethiopia,110,57,83,22.0,7.26,63.6,1157.8,Cabbage
South West Ethiopia,99,55,98,17.0,6.36,82.4,611.5,Cabbage
Sidama,145,60,89,20.2,6.9,79.3,1295.9,Rice
South West Ethiopia,71,41,49,24.4,7.09,48.2,828.9,Wheat
Gambela,62,46,61,19.8,5.66,83.4,1135.6,Enset
Sidama,76,25,21,21.1,7.84,49.7,457.5,Sorghum
Benishangul-Gumuz,70,25,24,14.1,6.41,43.5,363.7,Barley
Oromia,28,35,33,29.1,6.13,45.1,630.3,Sesame
Afar,66,30,95,21.1,5.61,71.0,1772.2,Coffee
Gambela,41,35,22,21.5,6.74,43.1,530.8,Millet
Afar,104,27,45,23.4,5.89,62.0,1525.8,Coffee
Afar,58,20,41,22.3,7.26,60.4,534.2,Wheat
Benishangul-Gumuz,53,37,51,24.8,7.35,37.1,312.5,Sorghum
Oromia,23,23,35,34.0,6.1,42.1,524.6,Millet
Oromia,49,25,64,23.0,6.28,51.2,1089.4,Groundnut
Oromia,51,23,39,29.2,6.74,38.9,464.9,Millet
Benishangul-Gumuz,96,75,115,29.7,7.32,63.7,774.2,Maize
Sidama,60,30,58,32.7,7.21,39.5,324.1,Sorghum
Amhara,44,16,20,31.0,7.83,58.6,474.8,Sorghum
Sidama,66,57,80,16.0,6.93,60.6,866.7,Wheat
Somali,86,41,48,13.1,7.18,58.9,435.7,Barley
Benishangul-Gumuz,104,55,73,22.1,6.11,70.6,483.8,Tomato
Somali,118,24,59,21.3,5.11,60.2,1307.0,Coffee
Benishangul-Gumuz,45,21,22,33.9,7.38,30.3,631.6,Sesame
Amhara,129,69,71,25.1,6.99,66.1,868.7,Maize
South West Ethiopia,130,89,146,21.0,6.37,65.6,624.9,Potato
Central Ethiopia,75,37,60,21.3,5.85,60.7,1376.2,Coffee
Sidama,56,20,77,25.8,5.6,49.3,975.1,Groundnut
South West Ethiopia,17,52,43,22.6,7.28,52.7,543.4,Chickpea
Somali,100,73,53,22.6,6.73,55.7,650.3,Onion
Oromia,106,80,126,18.9,6.22,81.7,512.2,Cabbage
Afar,77,30,58,16.3,6.47,67.6,938.0,Wheat
Amhara,51,28,22,20.3,6.58,47.0,798.6,Sesame
Somali,78,32,76,27.3,5.82,73.4,1867.7,Enset
Afar,87,34,54,11.2,6.58,56.6,394.2,Barley
Afar,99,47,76,23.0,7.49,67.1,518.7,Maize
Gambela,32,54,47,26.3,6.6,42.1,1105.2,Groundnut
Tigray,50,52,56,24.1,5.85,44.9,1183.0,Groundnut
South West Ethiopia,31,41,28,26.4,6.04,33.0,376.7,Chickpea
Amhara,103,31,78,17.7,6.05,65.8,750.3,Wheat
Somali,34,40,43,19.8,7.36,56.6,378.6,Lentil
South West Ethiopia,87,48,61,19.8,5.05,76.3,1292.5,Coffee
Benishangul-Gumuz,10,55,40,27.7,7.15,58.1,344.5,Chickpea
Amhara,114,53,32,23.3,6.26,67.5,576.8,Wheat
Oromia,41,29,21,23.0,7.4,42.5,577.6,Sesame
Central Ethiopia,21,41,43,23.9,7.72,53.2,428.7,Lentil
Benishangul-Gumuz,194,53,133,34.6,6.36,62.7,1897.2,Sugarcane
Sidama,85,31,92,27.1,7.31,57.9,585.9,Onion
Gambela,97,47,73,29.5,6.09,60.1,546.0,Maize
Somali,100,87,147,15.1,6.46,73.2,1069.0,Cabbage
Sidama,83,41,25,16.1,7.44,48.4,403.0,Barley
Oromia,146,79,114,23.9,5.27,85.1,1796.6,Rice
South West Ethiopia,88,23,79,16.2,6.65,61.0,929.0,Wheat
Gambela,56,14,30,34.5,7.6,34.0,760.9,Sorghum
Oromia,74,92,86,20.1,7.23,65.6,1126.6,Cabbage
Amhara,34,22,57,8.6,6.62,62.4,579.3,Barley
South West Ethiopia,34,31,48,31.6,6.35,50.8,554.9,Sorghum
Somali,91,35,50,26.9,6.34,77.0,1371.0,Enset
Sidama,86,40,54,13.4,7.36,56.6,579.2,Barley
Amhara,59,28,21,26.4,6.19,41.6,767.1,Millet
Somali,120,86,142,27.2,6.94,52.9,941.9,Tomato
Sidama,60,30,80,26.1,6.4,48.5,1130.4,Groundnut
Oromia,24,34,50,26.2,6.57,54.7,654.3,Chickpea
Benishangul-Gumuz,32,33,20,25.2,6.32,39.0,378.2,Sesame
Benishangul-Gumuz,131,72,93,26.0,5.75,65.7,719.4,Maize
Afar,10,46,50,17.2,7.31,43.9,399.9,Chickpea
Benishangul-Gumuz,50,11,31,19.6,6.15,67.9,459.0,Teff
Tigray,125,66,44,21.7,6.76,76.7,1338.6,Rice
Amhara,58,21,15,20.5,7.01,66.9,813.7,Teff
Benishangul-Gumuz,23,33,46,27.1,6.85,31.4,692.2,Sesame
Tigray,60,71,71,20.3,6.67,65.4,452.3,Onion
Oromia,83,28,91,23.5,5.88,80.1,1965.3,Enset
Tigray,37,10,23,24.4,7.44,30.7,601.2,Sorghum
Somali,49,26,65,19.2,6.13,63.9,1359.1,Enset
Gambela,65,96,93,20.6,7.39,66.1,1092.7,Cabbage
Benishangul-Gumuz,65,15,30,29.9,6.0,58.7,679.1,Sorghum
Tigray,127,44,75,31.0,6.28,75.3,1590.9,Rice
Amhara,79,44,65,15.6,6.31,82.3,1113.1,Cabbage
Central Ethiopia,44,39,23,13.8,6.92,61.2,360.9,Barley
Central Ethiopia,58,18,32,16.5,6.48,61.7,1194.3,Teff
Amhara,23,36,47,32.3,7.91,57.4,563.5,Sorghum
Amhara,117,71,145,21.7,6.19,78.9,768.8,Tomato
South West Ethiopia,24,50,32,21.0,7.75,40.3,533.7,Chickpea
South West Ethiopia,93,68,96,18.8,6.21,79.5,992.2,Cabbage
Tigray,195,89,114,33.9,6.99,67.4,1877.4,Sugarcane
Oromia,68,44,149,17.7,6.88,80.3,998.7,Cabbage
Afar,111,41,66,19.6,6.33,57.6,523.5,Wheat
South West Ethiopia,99,40,77,18.4,6.26,69.2,1695.1,Enset
Tigray,74,38,46,13.6,6.35,59.5,606.0,Wheat
Benishangul-Gumuz,63,35,79,18.1,5.15,85.6,1989.2,Coffee
Somali,70,69,144,23.9,6.17,75.2,414.7,Tomato
Somali,69,72,87,20.9,7.28,54.5,486.1,Onion
Benishangul-Gumuz,78,23,44,29.9,6.65,35.8,675.1,Sorghum
Central Ethiopia,53,38,47,32.2,7.7,59.1,602.2,Sorghum
Afar,171,77,153,32.6,7.45,76.4,1255.5,Sugarcane
South West Ethiopia,56,36,76,22.0,6.35,76.2,1181.9,Enset
South West Ethiopia,79,79,66,20.9,6.58,74.4,852.3,Cabbage
Somali,50,68,78,17.0,7.18,58.5,589.1,Onion
Tigray,73,46,128,26.0,7.35,56.0,927.7,Tomato
Sidama,75,73,57,15.5,7.15,66.6,635.5,Onion
Sidama,128,80,72,18.8,7.2,78.1,784.3,Maize
Tigray,33,39,39,19.3,7.96,44.5,650.4,Lentil
Afar,113,44,84,24.3,5.65,58.2,404.5,Tomato
Amhara,70,63,135,29.5,6.15,60.7,842.1,Tomato
Somali,68,52,26,14.8,6.05,60.2,442.9,Wheat
Amhara,52,10,47,30.3,7.43,57.7,600.7,Millet
Afar,45,57,74,27.1,5.98,43.7,949.7,Groundnut
Tigray,58,24,31,12.7,6.75,62.3,538.5,Barley
South West Ethiopia,62,76,92,16.8,6.03,53.1,331.8,Onion
Somali,65,31,47,22.8,5.59,74.1,1926.5,Coffee
Amhara,114,46,117,20.6,7.5,50.6,937.2,Tomato
Central Ethiopia,90,46,72,19.9,5.05,86.8,1461.2,Coffee
Benishangul-Gumuz,60,78,109,20.6,6.04,68.5,1058.1,Cabbage
Sidama,124,40,78,31.2,6.76,85.5,1550.8,Rice
South West Ethiopia,179,81,189,29.0,7.73,68.8,1246.9,Sugarcane
Sidama,53,50,100,19.8,6.02,76.5,1023.1,Enset
Central Ethiopia,81,27,63,20.0,5.31,64.0,1424.6,Coffee
Oromia,58,14,54,21.7,7.05,49.5,472.4,Sesame
Tigray,60,38,44,32.3,7.21,41.6,366.5,Sorghum
Oromia,40,50,33,16.0,7.79,58.9,331.2,Lentil
Amhara,78,68,130,15.0,7.47,70.2,874.2,Cabbage
Somali,21,44,46,17.4,7.2,31.3,359.8,Lentil
Amhara,11,31,36,16.6,7.15,31.4,638.0,Lentil
Gambela,83,84,44,29.0,6.21,79.5,1493.7,Maize
Somali,59,30,71,28.6,6.53,55.1,675.4,Groundnut
Sidama,82,68,73,27.8,7.49,54.6,1092.2,Maize
Sidama,60,36,61,19.9,6.47,84.5,1466.4,Coffee
Benishangul-Gumuz,80,27,81,24.1,6.18,78.2,1136.1,Enset
Benishangul-Gumuz,46,34,54,21.9,6.19,55.0,715.0,Onion
Amhara,30,14,32,24.6,6.58,46.2,1036.8,Teff
Tigray,52,48,85,22.3,6.65,76.1,1250.8,Enset
Benishangul-Gumuz,40,39,57,29.9,7.22,58.2,556.3,Sorghum
Somali,63,41,91,20.1,6.1,65.1,1901.2,Coffee
Somali,102,61,149,18.9,6.56,64.7,680.2,Cabbage
Oromia,11,34,40,21.0,7.88,39.6,643.7,Lentil
Oromia,21,10,60,34.4,7.48,43.2,742.1,Sesame
South West Ethiopia,28,44,34,18.5,6.77,41.1,358.1,Chickpea
Gambela,100,68,99,18.1,6.35,63.0,735.8,Onion
South West Ethiopia,139,92,142,19.5,5.11,69.1,1087.7,Potato
Sidama,100,65,129,16.6,6.41,67.5,753.7,Potato
Somali,30,25,40,21.3,7.88,59.6,671.6,Chickpea
Amhara,50,39,80,22.5,6.26,65.4,451.5,Wheat
Benishangul-Gumuz,80,44,76,24.1,6.24,71.4,1082.7,Enset
Afar,67,24,61,8.9,7.26,56.3,699.0,Barley
Amhara,32,59,41,23.5,7.87,37.6,681.1,Chickpea
Tigray,98,52,67,19.5,7.15,75.7,546.3,Tomato
Tigray,38,33,23,31.4,7.95,56.9,521.3,Sorghum
Amhara,99,90,132,20.2,7.09,69.0,775.2,Cabbage
Somali,57,80,79,19.3,7.5,55.0,357.2,Onion
Tigray,43,25,31,16.6,7.47,41.7,537.0,Teff
Amhara,56,51,40,16.3,7.14,61.6,902.8,Wheat
Tigray,61,79,135,22.7,5.69,53.2,983.0,Tomato
South West Ethiopia,100,81,94,18.5,6.65,63.4,1015.7,Cabbage
South West Ethiopia,69,90,150,17.6,6.98,65.0,552.0,Cabbage
Afar,62,25,30,9.6,7.0,55.6,305.4,Barley
Gambela,97,54,80,28.3,6.4,55.4,776.1,Tomato
Sidama,117,22,98,19.4,5.38,67.9,1496.1,Coffee
South West Ethiopia,62,56,99,24.3,7.23,57.3,529.2,Onion
Central Ethiopia,140,59,125,20.5,7.26,70.7,1356.8,Sugarcane
Central Ethiopia,91,62,116,26.3,6.45,56.8,474.2,Tomato
Benishangul-Gumuz,49,52,28,23.2,7.27,56.4,425.8,Wheat
Central Ethiopia,90,28,55,22.2,5.57,77.3,1518.4,Coffee
Amhara,73,62,71,28.1,6.64,75.7,1355.9,Maize
Benishangul-Gumuz,30,22,37,24.6,6.51,45.2,1133.6,Teff
Gambela,83,97,149,28.6,7.17,54.9,892.6,Tomato
Amhara,87,47,50,19.9,6.13,68.0,1929.6,Coffee
Somali,58,26,43,19.8,6.8,84.3,1282.1,Enset
Benishangul-Gumuz,41,54,77,24.1,6.45,64.4,325.7,Onion
Amhara,46,37,68,28.7,5.91,49.3,1156.9,Groundnut
Central Ethiopia,62,65,92,15.1,6.54,50.1,582.1,Onion
Gambela,43,66,69,23.3,6.79,52.8,772.6,Onion
Central Ethiopia,67,31,46,25.2,5.99,60.7,774.5,Maize
Somali,32,25,29,34.4,6.69,33.9,352.2,Millet
Afar,64,77,70,18.4,6.6,61.8,758.1,Maize
Afar,119,72,77,19.5,5.96,51.8,463.1,Tomato
Tigray,66,35,36,14.3,6.36,55.7,344.7,Barley
Tigray,96,27,55,20.6,6.41,70.2,1126.7,Enset
Gambela,59,23,42,26.9,7.46,52.8,427.9,Millet
Afar,38,28,64,27.4,5.94,44.6,1037.2,Groundnut
Oromia,63,49,116,18.9,6.6,70.3,568.4,Tomato
Sidama,39,22,38,28.2,6.57,56.2,915.8,Groundnut
Tigray,93,71,124,18.5,7.33,50.6,857.3,Tomato
Gambela,91,66,106,27.3,5.27,72.8,1830.5,Rice
Benishangul-Gumuz,56,72,43,22.5,7.25,64.3,722.0,Onion
Oromia,54,38,28,33.1,6.9,48.0,740.7,Sorghum
Amhara,149,61,104,31.9,7.85,62.0,1899.3,Sugarcane
Tigray,39,39,46,16.2,7.1,59.7,434.3,Chickpea
Central Ethiopia,11,47,42,27.7,7.21,40.1,556.8,Chickpea
South West Ethiopia,86,74,53,29.3,6.1,51.1,585.0,Maize
Afar,14,44,41,15.2,7.71,33.3,796.4,Chickpea
Benishangul-Gumuz,58,28,83,24.3,6.47,75.9,1548.8,Enset
Central Ethiopia,66,96,74,24.1,7.47,63.1,1107.5,Cabbage
Amhara,42,28,21,27.2,5.78,41.1,632.8,Sorghum
Benishangul-Gumuz,97,99,140,16.7,6.2,75.7,760.0,Potato
Sidama,91,62,98,18.4,6.12,57.4,454.5,Onion
South West Ethiopia,41,45,50,17.0,7.21,49.9,944.7,Wheat
Tigray,100,86,138,20.6,6.24,75.5,646.8,Potato
Sidama,128,78,144,24.0,7.04,75.8,1763.1,Sugarcane
Afar,35,57,35,15.8,7.03,31.5,659.1,Chickpea
Central Ethiopia,126,61,117,24.0,6.74,63.2,1387.1,Maize
Sidama,36,22,71,26.3,5.72,64.6,970.0,Groundnut
Tigray,149,97,195,28.4,7.96,75.4,1881.5,Sugarcane
Benishangul-Gumuz,63,33,43,13.5,7.27,64.3,368.9,Barley
Tigray,67,24,43,16.3,6.1,43.5,442.2,Barley
Oromia,75,44,54,14.4,7.13,48.5,795.0,Barley
Tigray,113,21,34,12.2,6.23,57.1,971.5,Wheat
Oromia,45,33,58,21.2,6.24,77.9,1017.5,Enset
South West Ethiopia,189,75,110,28.2,7.96,63.1,1238.7,Sugarcane
Central Ethiopia,53,30,71,22.7,6.57,66.5,1377.9,Enset
Gambela,14,51,42,22.9,7.22,50.2,306.0,Chickpea
Somali,26,13,17,18.8,5.81,40.6,936.6,Teff
Tigray,90,41,112,22.0,5.63,69.0,970.9,Potato
Afar,146,55,106,24.9,5.12,78.3,1808.2,Rice
Somali,75,51,76,23.5,7.48,51.2,604.1,Onion
South West Ethiopia,55,48,44,17.4,7.13,58.5,991.7,Wheat
Oromia,84,37,84,18.4,5.98,79.6,1578.4,Coffee
Benishangul-Gumuz,69,38,69,14.6,6.96,43.3,626.1,Wheat
Somali,113,61,75,23.9,6.13,71.8,889.4,Tomato
Afar,24,55,28,19.1,6.93,43.3,315.8,Lentil
Somali,102,58,61,34.2,5.18,73.4,1692.3,Rice
Somali,146,30,62,21.1,5.11,88.1,1141.8,Rice
Amhara,41,17,19,20.4,5.85,62.1,1157.6,Teff
South West Ethiopia,69,33,55,20.9,7.17,39.8,413.5,Sorghum
Amhara,23,25,31,29.0,7.17,54.4,679.3,Chickpea
Oromia,12,32,24,16.0,7.39,56.3,433.3,Lentil
Central Ethiopia,99,50,96,18.6,7.35,51.5,425.4,Tomato
Tigray,29,23,45,26.7,6.04,56.0,738.7,Sesame
South West Ethiopia,68,78,93,24.9,6.66,52.1,459.8,Onion
Oromia,96,23,92,19.9,6.09,71.5,1887.2,Enset
Central Ethiopia,108,96,184,24.4,6.57,64.3,1543.1,Sugarcane
South West Ethiopia,150,68,102,32.5,7.69,81.0,1909.6,Sugarcane
Gambela,75,19,32,28.2,6.25,53.2,867.2,Sorghum
Benishangul-Gumuz,91,57,49,22.8,6.95,67.8,1088.1,Maize
South West Ethiopia,92,54,39,10.7,7.15,46.4,720.2,Wheat
Somali,43,51,33,17.1,7.32,55.6,969.3,Wheat
Benishangul-Gumuz,82,68,78,25.5,6.1,54.8,752.8,Onion
Tigray,13,22,50,19.8,6.62,38.2,335.4,Lentil
Sidama,26,28,59,34.8,7.34,51.4,384.3,Millet
Central Ethiopia,55,35,24,30.8,6.09,59.6,768.3,Sorghum
Oromia,80,38,44,31.4,6.69,54.2,772.6,Sorghum
Gambela,131,79,200,34.1,7.92,71.8,1881.7,Sugarcane
Tigray,50,54,73,25.2,7.13,54.2,467.6,Onion
Afar,119,70,130,20.4,5.76,70.6,549.6,Tomato
Sidama,101,90,105,20.5,6.51,68.1,1602.3,Sugarcane
Sidama,30,19,38,16.4,7.19,58.0,905.8,Teff
Tigray,69,57,32,11.1,7.27,48.7,491.9,Barley
Gambela,120,67,150,20.6,6.71,63.6,1004.3,Cabbage
Central Ethiopia,56,35,98,23.4,6.29,82.8,1558.3,Enset
South West Ethiopia,58,33,96,23.1,5.57,62.9,1364.6,Enset
Sidama,24,12,56,21.2,6.89,36.8,450.0,Sesame
South West Ethiopia,74,78,117,18.4,6.9,56.7,1382.7,Maize
Tigray,76,43,100,27.1,6.77,78.0,1538.7,Enset
Oromia,30,31,27,17.3,6.98,57.4,597.5,Lentil
Tigray,80,66,56,19.1,7.44,57.9,605.1,Onion
Central Ethiopia,76,21,40,21.9,5.74,88.9,1855.3,Coffee
Benishangul-Gumuz,42,33,42,22.3,7.28,54.0,722.8,Sesame
Tigray,71,68,60,25.6,7.13,57.0,528.6,Tomato
Somali,29,19,34,28.3,5.68,43.9,577.2,Sesame
Oromia,41,35,35,21.3,6.27,50.4,703.8,Sesame
South West Ethiopia,13,22,35,29.4,7.57,41.8,418.0,Chickpea
South West Ethiopia,60,28,54,22.0,5.87,43.6,574.4,Sesame
Afar,84,82,147,22.0,5.85,74.6,1109.2,Potato
Central Ethiopia,93,65,48,29.5,6.71,88.5,1481.4,Rice
Amhara,31,42,28,22.1,6.28,30.2,368.4,Lentil
Amhara,14,20,28,24.7,7.93,40.0,485.2,Lentil
Amhara,37,13,25,34.2,6.58,30.1,638.9,Sorghum
Gambela,120,89,100,27.6,7.19,72.4,452.2,Tomato
Sidama,108,90,136,18.2,5.86,74.9,836.8,Potato
Afar,47,25,29,22.8,6.02,59.3,547.8,Millet
Central Ethiopia,73,58,56,14.6,6.76,47.6,348.0,Barley
Oromia,46,29,37,16.9,5.62,45.0,736.5,Teff
Sidama,32,60,45,9.4,6.87,55.7,778.8,Barley
Amhara,24,45,30,16.2,7.22,38.7,492.1,Lentil
Gambela,102,74,122,25.3,7.3,66.2,997.8,Tomato
South West Ethiopia,35,13,29,34.0,7.39,53.6,678.6,Sorghum
Central Ethiopia,55,30,49,21.4,6.25,31.5,631.7,Sesame
Sidama,61,47,98,18.3,5.54,60.9,1324.4,Enset
Amhara,58,39,57,21.5,6.68,42.0,876.1,Wheat
Oromia,22,27,40,21.1,5.61,59.7,670.3,Teff
Oromia,58,25,59,10.7,6.78,52.6,488.2,Barley
Central Ethiopia,83,64,95,20.8,6.92,76.0,1103.6,Cabbage
Amhara,49,17,31,16.4,6.13,62.7,1075.6,Teff
Afar,54,49,65,23.2,6.08,82.3,1712.3,Enset
Afar,86,65,129,29.2,6.22,62.3,591.4,Tomato
Amhara,66,24,70,22.2,5.2,82.9,1666.8,Coffee
Central Ethiopia,26,14,21,34.3,7.15,55.8,526.8,Sesame
Amhara,38,26,43,19.0,6.62,55.1,668.1,Lentil
Afar,39,11,53,22.7,5.52,34.9,378.7,Millet
Central Ethiopia,36,42,22,18.1,7.63,39.3,451.6,Chickpea
Amhara,90,66,128,21.6,6.73,74.1,895.6,Cabbage
Gambela,95,49,67,22.6,6.0,73.2,1414.8,Enset
South West Ethiopia,16,41,41,20.9,7.02,57.9,382.2,Lentil
Central Ethiopia,54,65,66,27.7,7.41,52.9,644.0,Onion
Oromia,14,48,26,22.0,7.02,49.7,516.2,Lentil
Gambela,124,55,107,26.8,6.07,71.1,1563.9,Rice
Sidama,99,56,93,20.8,6.76,71.6,1294.3,Maize
Benishangul-Gumuz,56,27,22,31.6,6.59,32.0,533.8,Millet
Sidama,100,57,108,20.6,7.16,62.2,1818.1,Sugarcane
Somali,46,59,66,17.0,6.03,53.8,346.4,Barley
Amhara,91,52,53,25.3,6.27,53.0,328.2,Onion
Somali,84,62,54,21.8,5.51,77.7,1592.7,Rice
Gambela,113,58,27,10.4,6.97,46.0,416.3,Wheat
Benishangul-Gumuz,73,69,48,20.0,6.97,52.8,414.7,Onion
Oromia,60,33,85,19.9,5.72,61.4,1644.8,Enset
Amhara,59,25,60,20.7,5.58,35.3,541.1,Sorghum
Afar,73,49,66,29.6,7.34,57.4,665.8,Tomato
Tigray,98,70,58,20.3,6.19,58.8,590.7,Onion
Oromia,85,84,41,22.5,6.64,61.1,515.5,Maize
Somali,21,14,26,30.2,6.82,49.8,513.7,Sesame
Afar,59,30,45,18.7,7.05,64.5,626.0,Barley
Sidama,126,47,113,15.3,6.42,61.3,847.8,Potato
Gambela,59,27,53,18.5,6.31,69.7,1976.0,Coffee
Tigray,53,55,39,20.6,6.32,59.8,574.7,Wheat
South West Ethiopia,111,86,125,17.4,7.47,81.5,857.2,Cabbage
South West Ethiopia,26,48,20,17.4,6.6,33.0,362.4,Lentil
Amhara,180,89,186,24.5,6.55,75.2,1597.3,Sugarcane
Sidama,46,14,20,33.8,6.44,38.5,730.4,Millet
Afar,89,67,92,30.8,5.83,86.2,1517.5,Rice
Oromia,54,21,94,23.4,6.43,71.2,1258.9,Enset
Central Ethiopia,41,22,46,23.0,6.36,46.6,370.6,Millet
Somali,54,49,71,25.5,6.49,47.5,1196.6,Groundnut
Tigray,109,68,187,30.8,6.11,61.6,1522.8,Sugarcane
Gambela,47,23,47,27.5,5.65,49.7,716.2,Sorghum
Benishangul-Gumuz,30,37,28,25.2,5.88,36.6,471.3,Sorghum
Tigray,110,82,77,26.2,6.6,52.8,876.9,Tomato
Somali,115,64,65,21.0,6.69,54.0,724.3,Maize
Afar,45,47,61,11.1,6.34,40.8,539.9,Barley
Somali,167,64,148,33.5,6.76,69.1,1994.2,Sugarcane
Somali,93,45,81,21.7,6.13,66.6,1317.2,Enset
South West Ethiopia,53,58,44,23.6,6.74,45.2,1087.8,Groundnut
Sidama,95,32,88,27.8,5.52,74.2,1636.1,Enset
Tigray,66,26,21,22.6,5.56,53.7,384.8,Sorghum
Afar,95,70,107,27.2,7.35,75.0,638.9,Tomato
Tigray,23,10,59,31.4,6.6,51.7,581.1,Sesame
Gambela,81,96,95,15.2,6.37,62.1,1036.6,Potato
Somali,117,50,47,23.9,6.41,73.3,1257.5,Coffee
Afar,17,44,45,17.5,7.58,53.7,435.1,Chickpea
Afar,25,18,35,22.3,6.16,44.1,679.2,Teff
Amhara,78,43,85,18.2,6.05,62.3,1345.3,Coffee
Afar,42,25,39,18.4,6.49,45.0,1092.9,Teff
Central Ethiopia,119,79,139,22.5,5.57,73.5,769.4,Tomato
Gambela,151,57,160,30.5,6.57,76.9,1299.1,Sugarcane
Tigray,84,29,51,19.0,7.25,53.1,320.7,Barley
Benishangul-Gumuz,29,27,29,24.3,5.77,48.0,592.1,Sesame
South West Ethiopia,22,27,20,24.5,6.65,46.6,552.7,Chickpea
Oromia,81,43,89,22.5,5.23,82.4,1329.4,Coffee
South West Ethiopia,126,53,191,27.3,6.76,79.6,1444.3,Sugarcane
Amhara,76,22,40,24.3,7.76,48.8,572.7,Sorghum
South West Ethiopia,41,41,27,10.9,7.04,56.8,558.0,Barley
Somali,120,72,131,21.0,5.43,62.6,684.2,Potato
Amhara,124,77,60,25.4,6.04,78.0,1194.8,Maize
Gambela,37,42,36,24.0,7.07,34.2,527.4,Lentil
Somali,107,28,78,14.8,6.96,43.7,497.4,Wheat
Tigray,70,42,100,19.9,5.15,71.8,1538.5,Coffee
South West Ethiopia,33,38,36,26.8,6.72,42.7,785.4,Sorghum
Afar,118,38,95,32.3,6.27,77.4,1765.7,Rice
South West Ethiopia,74,26,35,24.8,7.43,65.4,420.9,Wheat
Gambela,47,37,54,16.4,6.16,66.1,455.5,Wheat
South West Ethiopia,88,30,92,26.0,6.99,54.6,449.6,Onion
South West Ethiopia,120,49,70,24.1,6.28,67.4,926.9,Cabbage
Gambela,63,38,45,24.2,6.41,73.2,1729.2,Enset
Gambela,12,45,32,18.4,7.17,36.6,327.2,Lentil
Amhara,25,36,27,19.5,6.79,43.9,414.2,Lentil
Afar,104,26,50,22.9,5.73,86.5,1864.3,Coffee
Afar,107,27,61,20.3,6.77,58.8,510.4,Wheat
Central Ethiopia,114,45,41,27.5,5.85,86.2,1277.5,Rice
Tigray,47,19,30,27.7,6.35,43.8,376.4,Sesame
South West Ethiopia,28,47,28,24.9,7.17,41.7,552.4,Lentil
Sidama,127,68,118,21.1,5.89,73.6,524.0,Potato
Gambela,34,29,61,16.0,7.43,62.2,473.3,Barley
Oromia,130,61,121,25.5,6.49,64.5,1517.4,Sugarcane
Tigray,39,15,10,18.2,5.63,46.1,551.8,Teff
Amhara,45,27,10,21.4,6.67,60.1,652.1,Teff
Sidama,96,37,98,20.9,6.31,59.1,700.1,Onion
Gambela,43,13,58,29.7,7.47,36.9,360.9,Sesame
Benishangul-Gumuz,15,47,25,16.7,7.95,47.4,663.6,Lentil
Afar,80,93,116,18.8,6.78,53.4,852.3,Tomato
Afar,101,30,42,18.8,5.61,77.0,1594.5,Coffee
Tigray,126,78,122,21.5,5.74,63.5,766.0,Potato
Sidama,82,45,49,18.6,6.12,41.9,763.8,Barley
South West Ethiopia,66,76,51,34.0,5.61,81.1,1289.8,Rice
Benishangul-Gumuz,116,27,43,14.8,6.75,64.2,601.2,Wheat
Amhara,86,50,149,20.7,6.0,72.4,1053.9,Potato
Benishangul-Gumuz,89,40,79,20.5,7.42,56.1,639.5,Onion
Oromia,57,32,47,30.3,6.4,49.4,485.8,Sesame
South West Ethiopia,70,98,63,22.7,6.25,66.5,1138.1,Cabbage
South West Ethiopia,97,71,70,15.8,7.21,52.3,785.5,Onion
Afar,16,20,39,29.8,6.09,54.4,700.0,Chickpea
Afar,60,37,49,24.9,6.6,69.1,535.4,Groundnut
Amhara,90,34,117,29.0,6.92,72.0,1519.8,Rice
South West Ethiopia,74,28,21,32.5,7.07,35.0,307.9,Sorghum
Amhara,79,91,99,16.8,6.1,79.2,1066.0,Cabbage
Benishangul-Gumuz,37,23,23,22.3,5.95,53.6,304.5,Millet
Sidama,53,26,39,17.7,5.94,60.7,408.3,Teff
Sidama,31,41,62,26.9,6.84,46.7,667.0,Groundnut
Oromia,55,32,56,19.8,6.43,82.1,1916.7,Coffee
Benishangul-Gumuz,102,38,81,22.5,6.06,67.6,1354.9,Coffee
Sidama,92,22,89,25.9,6.65,65.0,1341.1,Enset
Oromia,66,37,35,33.9,5.73,43.7,730.3,Sorghum
Benishangul-Gumuz,68,60,55,17.1,7.19,62.5,637.3,Onion
Tigray,94,95,72,24.9,7.35,73.1,614.4,Tomato
Afar,117,71,183,26.8,6.77,72.2,1814.4,Sugarcane
Amhara,32,31,63,10.4,6.92,42.9,579.1,Barley
Somali,59,39,31,29.2,5.97,52.2,673.2,Millet
Somali,60,23,31,31.3,7.29,41.5,344.0,Sorghum
Tigray,112,44,128,28.3,7.15,61.6,919.3,Tomato
Somali,25,12,26,33.1,6.25,32.1,394.3,Sesame
Benishangul-Gumuz,49,40,49,29.5,6.54,57.9,348.8,Sesame
Amhara,23,33,42,22.0,6.24,61.7,1130.2,Groundnut
South West Ethiopia,65,19,23,21.8,6.81,57.4,711.5,Sorghum
Amhara,52,33,35,28.0,6.19,45.8,361.2,Sesame
Somali,76,61,135,16.5,6.95,62.8,572.9,Cabbage
Benishangul-Gumuz,31,22,45,21.2,6.76,31.3,539.8,Millet
Central Ethiopia,80,55,31,20.7,7.39,47.9,771.1,Barley
Oromia,69,42,82,18.4,6.46,81.9,1011.5,Cabbage
Sidama,53,27,45,33.7,5.74,51.7,349.7,Millet
Gambela,22,47,34,20.8,6.2,33.6,690.1,Lentil
South West Ethiopia,50,32,59,12.1,7.22,56.6,686.5,Barley
Oromia,30,34,32,27.8,6.48,59.0,713.4,Chickpea
Benishangul-Gumuz,66,46,78,22.6,6.34,73.9,1709.5,Enset
Tigray,84,69,51,23.0,6.03,63.2,353.7,Onion
Somali,29,47,36,24.2,7.24,58.1,423.0,Lentil
Gambela,133,42,118,17.6,5.08,64.7,711.6,Potato
Oromia,140,54,100,29.0,6.8,84.4,1709.9,Sugarcane
Somali,28,42,29,27.0,6.7,52.1,734.8,Chickpea
Afar,101,44,66,29.7,7.35,73.5,732.5,Maize
Afar,111,47,73,15.9,7.37,62.2,535.8,Wheat
Oromia,74,54,67,18.9,6.22,48.1,774.9,Wheat
South West Ethiopia,14,26,31,23.8,7.72,57.9,381.8,Lentil
Oromia,36,18,38,30.7,6.11,54.7,339.5,Millet
Somali,109,86,118,19.0,7.05,66.5,1088.1,Cabbage
Afar,50,27,67,24.2,6.21,60.4,1140.1,Groundnut
Afar,109,64,86,18.1,6.31,65.2,1134.0,Cabbage
Central Ethiopia,90,85,107,24.5,6.35,58.4,521.7,Tomato
South West Ethiopia,47,50,98,16.2,6.05,56.6,413.9,Onion
Central Ethiopia,20,46,74,25.7,6.04,59.7,1070.6,Groundnut
Benishangul-Gumuz,39,12,49,31.3,5.78,42.3,448.1,Sesame
Sidama,109,47,68,23.1,5.62,71.0,1350.3,Coffee
Oromia,49,29,20,24.8,6.3,44.2,957.5,Teff
South West Ethiopia,107,67,69,23.1,6.58,51.6,1063.1,Maize
South West Ethiopia,48,23,40,30.9,7.99,33.6,810.6,Sorghum
Afar,58,23,42,33.6,6.42,51.6,379.5,Millet
Central Ethiopia,72,51,63,27.9,5.28,79.7,1908.1,Rice
Tigray,74,69,79,20.1,6.2,51.5,554.4,Onion
Central Ethiopia,24,32,36,21.4,6.09,58.5,500.0,Millet
Gambela,40,27,27,17.6,6.32,30.6,535.2,Chickpea
Amhara,181,54,129,27.9,6.39,80.8,1342.7,Sugarcane
Sidama,101,34,40,18.6,5.14,87.2,1706.4,Coffee
South West Ethiopia,52,41,58,24.4,6.4,58.3,557.7,Onion
Benishangul-Gumuz,77,11,41,31.4,6.86,45.0,845.3,Sorghum
Central Ethiopia,80,38,55,21.0,6.7,74.1,1150.8,Enset
Sidama,98,34,26,22.4,6.47,65.9,862.5,Wheat
Amhara,90,56,59,17.8,6.26,42.8,697.6,Wheat
Somali,92,83,67,27.2,6.52,67.1,653.0,Tomato
Central Ethiopia,47,38,57,30.1,6.7,33.0,592.8,Sesame
Somali,90,62,120,18.6,6.6,69.0,849.0,Maize
South West Ethiopia,83,78,111,20.2,5.51,71.8,1256.2,Maize
Somali,66,54,63,23.2,7.17,69.7,323.1,Onion
Somali,78,99,95,22.0,6.23,56.0,636.4,Tomato
Somali,109,86,130,17.7,5.99,72.5,973.2,Potato
Oromia,56,34,64,27.9,6.38,79.2,1639.1,Enset
South West Ethiopia,57,33,59,10.6,7.31,53.2,623.0,Barley
South West Ethiopia,44,31,30,24.3,6.15,40.5,610.3,Groundnut
Sidama,23,25,41,26.0,6.59,33.8,452.5,Millet
Amhara,31,29,49,22.4,7.07,34.4,337.2,Sesame
South West Ethiopia,121,64,142,18.0,5.82,70.7,716.3,Potato
Central Ethiopia,47,20,58,20.2,5.94,65.3,1644.5,Enset
Somali,48,22,25,18.6,5.75,66.7,1110.4,Teff
Amhara,86,80,146,21.7,6.43,77.4,1111.3,Cabbage
Somali,31,27,53,21.1,5.89,47.2,489.8,Sesame
Tigray,80,44,61,19.0,7.44,47.4,615.3,Barley
Gambela,24,35,22,24.3,7.67,32.5,434.2,Chickpea
Benishangul-Gumuz,98,68,89,26.8,5.95,68.8,1440.7,Maize
Tigray,151,85,170,28.3,7.93,84.8,1613.2,Sugarcane
Amhara,69,53,67,17.0,6.24,58.9,779.0,Onion
Oromia,36,36,48,29.9,6.43,58.0,711.4,Groundnut
Central Ethiopia,118,56,103,17.5,6.01,75.5,616.0,Potato
Oromia,37,25,40,16.0,5.62,48.5,1079.6,Teff
Somali,147,100,199,31.1,7.41,69.8,1661.4,Sugarcane
South West Ethiopia,51,28,58,23.5,6.37,30.8,740.3,Sesame
Benishangul-Gumuz,11,32,35,17.1,7.88,30.6,675.1,Chickpea
Tigray,14,55,25,19.1,6.11,47.8,400.1,Lentil
Sidama,33,13,41,22.4,5.55,42.5,766.9,Sesame
Gambela,36,28,21,23.5,6.55,33.0,746.7,Sesame
Sidama,109,52,107,18.3,5.14,79.5,519.4,Potato
Tigray,100,55,50,25.8,7.38,64.7,665.1,Maize
Tigray,92,45,48,22.0,7.09,56.5,412.5,Barley
Tigray,121,37,67,20.9,5.05,89.8,1978.9,Rice
Sidama,22,38,25,21.3,6.19,45.5,586.5,Lentil
South West Ethiopia,86,24,85,18.9,5.48,79.2,1623.0,Coffee
Afar,102,95,84,19.9,6.39,76.1,976.5,Cabbage
Oromia,32,43,37,19.2,6.82,46.9,606.5,Chickpea
Gambela,95,90,89,23.5,6.94,80.9,1077.1,Cabbage
Tigray,106,52,101,29.1,7.5,67.5,939.6,Maize
Benishangul-Gumuz,56,40,28,28.2,6.29,50.7,541.7,Millet
Benishangul-Gumuz,109,92,106,26.8,6.64,53.2,870.7,Tomato
Sidama,48,58,53,23.6,7.16,41.7,921.3,Wheat
Tigray,85,33,73,21.1,6.84,87.0,1637.9,Rice
Afar,50,21,53,20.4,6.0,48.4,679.7,Sesame
Tigray,57,27,20,17.8,6.45,56.2,645.0,Teff
Central Ethiopia,127,68,80,17.9,5.53,74.0,583.5,Potato
South West Ethiopia,29,52,38,20.1,6.91,50.9,847.2,Groundnut
Oromia,67,47,150,29.8,6.17,73.7,548.3,Tomato
Afar,118,42,95,23.5,7.03,78.2,834.6,Cabbage
Afar,118,54,187,23.3,7.83,77.1,1363.7,Sugarcane
Amhara,136,62,83,23.0,6.59,76.4,1660.7,Rice
Central Ethiopia,139,71,105,19.9,6.02,78.1,906.8,Potato
Oromia,45,35,49,24.6,6.33,58.1,585.4,Groundnut
Amhara,88,41,144,21.9,5.21,74.5,1158.8,Potato
Central Ethiopia,46,21,52,31.7,7.11,33.4,452.6,Millet
Tigray,101,25,75,24.0,5.33,80.4,1858.6,Coffee
Amhara,198,78,190,29.4,7.06,65.5,1366.0,Sugarcane
Afar,132,50,114,16.3,5.3,61.0,969.5,Potato
Benishangul-Gumuz,115,78,89,16.0,5.57,66.4,541.1,Potato
Sidama,130,99,188,30.7,7.85,78.1,1940.3,Sugarcane
Sidama,52,30,57,20.1,5.22,88.2,1967.9,Coffee
South West Ethiopia,33,25,26,15.8,6.71,40.5,1104.2,Teff
Gambela,52,26,41,32.9,5.77,38.5,746.1,Sesame
Oromia,13,40,41,15.9,7.22,47.7,434.5,Lentil
South West Ethiopia,43,31,20,32.2,6.34,51.4,886.2,Sorghum
Gambela,60,32,75,17.6,6.65,68.9,724.9,Wheat
Sidama,95,76,105,18.4,7.21,54.4,829.5,Tomato
Central Ethiopia,39,20,40,27.2,6.46,39.5,460.7,Millet
Afar,119,52,78,18.7,6.72,61.2,762.6,Tomato
Central Ethiopia,38,40,48,30.1,5.57,54.3,743.0,Sesame
Sidama,69,27,21,15.2,7.08,55.2,441.1,Barley
Amhara,157,68,169,30.0,6.7,77.5,1416.3,Sugarcane
Somali,65,61,67,16.0,6.8,69.2,708.7,Onion
Afar,68,37,90,18.3,5.38,74.5,1400.2,Coffee
Oromia,33,26,37,16.8,7.97,32.2,320.9,Lentil
Oromia,37,18,34,25.1,7.21,50.3,695.9,Millet
Somali,44,59,66,13.3,6.47,64.6,658.4,Barley
Sidama,101,31,55,21.6,5.02,75.9,1932.8,Rice
Afar,35,32,27,15.0,6.55,61.8,690.8,Barley
Benishangul-Gumuz,50,54,49,20.8,7.05,61.1,512.4,Barley
Benishangul-Gumuz,108,37,45,29.9,5.77,74.2,1377.2,Maize
Sidama,188,96,125,22.4,6.02,75.1,1558.1,Sugarcane
Amhara,76,62,89,26.5,6.95,61.4,438.4,Onion
Oromia,107,50,126,15.5,6.16,63.7,990.8,Cabbage
Sidama,89,30,52,24.8,6.84,44.0,650.8,Wheat
Gambela,146,43,44,25.6,5.81,76.5,1535.2,Rice
Benishangul-Gumuz,109,42,91,24.2,6.09,75.8,936.3,Maize
Afar,66,52,134,23.7,6.68,56.8,523.9,Tomato
Amhara,98,60,121,21.3,5.12,64.9,637.6,Potato
Oromia,69,79,62,24.0,6.94,64.5,521.9,Onion
Central Ethiopia,81,22,64,21.7,6.94,56.2,520.9,Wheat
Central Ethiopia,37,31,36,27.5,6.01,43.5,694.5,Sorghum
Oromia,35,27,48,26.7,6.16,59.4,763.3,Millet
Sidama,56,44,67,20.3,5.44,77.4,1748.1,Coffee
South West Ethiopia,21,42,30,21.6,6.38,55.1,333.3,Lentil
Oromia,23,31,25,24.6,7.57,58.2,354.5,Sorghum
South West Ethiopia,68,39,82,20.4,6.16,83.3,1887.6,Coffee
Benishangul-Gumuz,87,95,125,18.4,5.06,76.1,800.6,Potato
Central Ethiopia,72,75,136,19.8,7.04,67.9,1087.7,Cabbage
Gambela,89,53,101,15.9,5.19,70.6,910.9,Potato
Afar,72,42,84,17.9,6.75,56.3,727.9,Onion
Gambela,103,96,117,29.0,7.59,83.2,1232.9,Sugarcane
Afar,92,44,84,33.2,6.54,71.5,1098.3,Rice
Amhara,100,27,37,19.8,6.61,61.5,364.9,Barley
Gambela,78,46,78,23.0,6.39,84.4,1460.6,Coffee
Oromia,32,14,29,26.0,7.14,49.4,614.9,Millet
Sidama,100,47,53,15.2,6.15,59.6,438.2,Onion
Benishangul-Gumuz,15,60,33,16.6,6.79,36.1,522.1,Chickpea
Amhara,84,38,49,27.9,6.94,66.6,1465.7,Enset
Oromia,44,24,79,19.5,5.79,77.6,1021.6,Enset
Gambela,32,57,49,22.3,5.86,52.7,762.6,Groundnut
Tigray,51,49,75,17.8,6.03,59.5,700.1,Onion
Central Ethiopia,32,24,20,21.1,6.04,43.7,1143.5,Teff
South West Ethiopia,70,35,47,20.7,5.33,77.6,1320.4,Coffee
Benishangul-Gumuz,87,44,117,18.0,7.03,68.8,721.7,Cabbage
Afar,58,18,24,20.2,7.11,40.3,356.2,Sorghum
Afar,58,13,54,27.7,6.52,50.2,348.7,Sesame
Central Ethiopia,15,29,39,28.4,7.28,31.6,754.9,Chickpea
Amhara,25,13,37,22.6,7.02,41.4,607.2,Teff
Tigray,33,20,39,30.8,6.87,43.3,554.9,Sesame
Oromia,58,24,21,29.5,6.94,53.7,498.8,Sorghum
Sidama,69,29,49,21.4,5.08,89.8,1359.9,Coffee
Central Ethiopia,191,53,171,23.9,6.8,77.7,1585.0,Sugarcane
Afar,100,73,129,24.1,7.07,77.6,685.4,Tomato
Benishangul-Gumuz,55,46,35,17.3,6.8,41.5,524.0,Wheat
Tigray,104,44,89,22.6,6.5,71.4,747.7,Tomato
Gambela,16,47,28,21.3,6.14,43.1,503.2,Lentil
South West Ethiopia,99,48,46,29.4,5.06,85.6,1477.7,Rice
Gambela,140,66,106,25.4,7.8,83.7,1611.3,Sugarcane
Amhara,13,53,39,18.2,7.49,55.4,407.1,Chickpea
Tigray,11,46,23,15.4,6.03,46.2,358.2,Lentil
Sidama,31,29,33,24.5,6.46,50.8,555.2,Teff
Amhara,89,31,33,13.9,7.46,47.3,328.5,Barley
Afar,115,95,104,25.1,7.14,75.5,876.9,Tomato
Tigray,90,24,59,19.6,6.07,75.3,1142.1,Enset
Tigray,25,25,13,22.6,7.15,54.3,1048.9,Teff
Amhara,13,39,49,18.4,7.64,31.5,441.2,Lentil
Gambela,40,35,45,22.2,5.54,45.9,405.3,Millet
Amhara,18,41,23,18.9,6.63,51.2,608.7,Chickpea
Tigray,23,32,24,24.8,7.62,49.9,640.1,Lentil
Sidama,95,72,143,20.8,6.22,67.6,981.8,Potato
Central Ethiopia,26,16,27,31.1,6.1,30.4,564.9,Millet
Central Ethiopia,26,43,38,24.4,7.48,36.3,629.3,Lentil
Amhara,52,36,43,23.7,6.46,82.7,1826.5,Coffee
Gambela,37,10,40,29.6,6.37,50.3,488.1,Sorghum
Gambela,23,31,38,20.3,6.47,36.2,514.4,Millet
Afar,85,45,44,10.2,6.63,42.4,879.1,Wheat
Sidama,59,36,50,13.7,6.63,40.8,791.3,Barley
Sidama,102,42,23,14.2,6.81,47.1,886.8,Wheat
Central Ethiopia,112,51,127,21.1,6.13,75.1,777.3,Potato
Central Ethiopia,62,62,69,26.8,5.99,71.7,1862.6,Rice
South West Ethiopia,25,12,56,27.3,6.27,36.8,642.5,Sesame
South West Ethiopia,21,60,34,19.8,6.2,31.5,576.7,Lentil
Gambela,53,25,30,28.7,6.49,33.1,480.2,Sorghum
Sidama,78,90,128,18.2,7.44,73.1,1165.2,Cabbage
Somali,105,90,94,20.5,7.03,79.6,471.4,Tomato
Amhara,21,26,27,20.9,7.05,63.2,964.0,Teff
South West Ethiopia,34,38,21,18.5,6.76,53.8,545.4,Lentil
Afar,38,51,53,28.0,6.52,45.5,751.0,Groundnut
Amhara,50,36,48,31.3,7.17,42.5,328.6,Sesame
Oromia,46,35,49,24.9,6.02,37.1,508.3,Millet
Central Ethiopia,87,55,51,8.6,6.27,48.4,327.2,Barley
Amhara,54,36,23,24.2,6.54,46.4,406.3,Millet
Tigray,136,57,64,27.5,6.18,54.1,1429.4,Maize
Oromia,42,23,62,22.9,6.75,79.2,1577.1,Enset
Somali,96,71,75,22.2,6.57,58.3,404.5,Onion
Central Ethiopia,138,76,175,30.1,6.3,77.6,1803.4,Sugarcane
Tigray,64,20,94,25.7,5.73,74.0,1754.8,Enset
Benishangul-Gumuz,72,32,22,22.5,7.13,43.5,658.5,Wheat
Central Ethiopia,89,56,20,11.2,7.24,46.8,750.0,Wheat
Benishangul-Gumuz,25,32,75,20.6,6.68,48.8,793.1,Groundnut
Afar,75,21,49,12.0,6.87,42.4,590.7,Barley
Oromia,29,28,43,29.8,6.2,53.2,712.4,Groundnut
South West Ethiopia,137,68,114,17.0,6.38,65.8,792.0,Potato
Somali,68,52,61,22.7,6.22,61.0,330.0,Onion
Afar,79,47,49,23.8,6.39,80.3,1715.5,Enset
Gambela,86,60,85,21.2,5.58,71.3,936.6,Tomato
Central Ethiopia,55,40,91,20.9,7.3,53.9,699.6,Onion
Oromia,83,24,86,18.3,5.86,77.5,1658.4,Coffee
Sidama,40,57,50,16.7,7.17,42.7,417.7,Lentil
Somali,80,42,30,14.6,7.27,65.0,432.0,Wheat
Central Ethiopia,43,18,44,21.6,5.67,32.9,501.1,Sorghum
Oromia,97,44,60,20.5,7.35,58.6,860.4,Wheat
Central Ethiopia,74,80,80,18.5,6.94,52.0,395.7,Onion
Benishangul-Gumuz,22,42,40,21.1,6.69,55.3,930.0,Groundnut
Tigray,134,94,85,16.6,5.55,73.0,1012.8,Potato
Benishangul-Gumuz,130,77,73,32.3,6.8,79.6,1858.3,Rice
Amhara,25,23,43,23.2,6.15,55.7,615.5,Chickpea
Gambela,95,52,139,17.0,6.17,66.0,687.6,Potato
Sidama,22,12,51,33.5,6.67,59.6,747.3,Sorghum
Sidama,66,63,49,19.1,6.3,56.5,558.4,Onion
Oromia,82,88,78,21.5,5.95,73.0,577.4,Tomato
Somali,52,54,71,29.0,6.08,50.3,843.7,Groundnut
Afar,25,31,44,29.5,6.11,55.4,489.6,Chickpea
Sidama,58,79,67,20.3,6.56,61.7,762.3,Onion
Tigray,56,28,43,28.7,6.39,59.0,1160.6,Groundnut
Amhara,22,40,46,19.4,7.25,59.1,509.9,Chickpea
Oromia,59,13,59,33.6,7.27,38.7,356.7,Sesame
Amhara,188,82,176,26.3,7.39,82.8,1473.9,Sugarcane
South West Ethiopia,40,18,37,24.5,6.82,51.1,1185.6,Teff
Tigray,159,56,196,29.9,7.89,66.9,1537.1,Sugarcane
Central Ethiopia,113,93,136,19.5,5.05,77.4,1027.7,Potato
Central Ethiopia,17,31,37,23.5,7.92,51.4,301.9,Lentil
Benishangul-Gumuz,59,49,86,18.2,5.93,84.9,1945.0,Coffee
Tigray,140,32,110,21.4,6.9,54.5,560.4,Maize
Amhara,17,49,39,20.1,6.35,41.0,644.5,Lentil
Gambela,96,26,50,18.5,6.49,80.0,1694.1,Enset
Afar,104,97,127,21.0,6.27,82.7,883.5,Cabbage
Oromia,101,45,89,24.9,6.44,63.7,1208.8,Maize
Sidama,43,41,69,28.6,5.84,44.9,947.0,Groundnut
Central Ethiopia,125,74,169,34.9,7.49,74.5,1723.1,Sugarcane
Central Ethiopia,57,34,30,26.2,6.07,30.6,669.3,Sesame
Afar,81,55,53,21.2,7.01,57.0,686.2,Maize
Gambela,153,96,171,30.4,7.65,69.2,1955.6,Sugarcane
Somali,81,35,47,21.4,6.9,68.5,1334.1,Enset
Benishangul-Gumuz,113,69,126,29.5,7.03,69.5,1793.3,Sugarcane
Oromia,29,31,41,23.0,6.23,35.5,458.5,Chickpea
Amhara,59,27,59,28.7,6.54,54.9,374.3,Sesame
Tigray,29,28,37,33.0,6.92,44.1,604.9,Sesame
Tigray,55,27,21,15.8,6.29,48.6,392.2,Barley
Amhara,89,38,60,34.4,6.41,78.9,1600.7,Rice
Sidama,49,50,49,23.4,6.8,75.6,1462.2,Enset
Oromia,141,62,73,25.4,6.17,72.4,1278.4,Rice
Somali,50,15,37,15.1,6.99,40.2,1130.9,Teff
Gambela,50,45,46,28.0,5.78,63.9,506.2,Groundnut
South West Ethiopia,15,41,45,18.0,7.59,49.0,342.6,Chickpea
Amhara,139,65,158,24.9,6.46,81.3,1322.0,Sugarcane
Somali,191,70,142,33.9,7.0,65.1,1684.0,Sugarcane
Gambela,53,32,53,21.9,6.01,81.7,1951.2,Coffee
Afar,52,21,47,22.8,5.86,58.9,683.3,Sesame
Somali,172,95,142,32.8,7.97,76.3,1225.3,Sugarcane
Sidama,80,50,69,21.7,6.1,68.4,618.5,Maize
Afar,20,38,21,28.4,6.1,59.7,535.3,Millet
Amhara,96,37,91,24.0,6.27,67.4,1573.4,Coffee
Somali,45,18,44,26.8,5.69,36.7,505.0,Sesame
Afar,47,11,36,20.5,6.95,51.4,1090.9,Teff
Amhara,111,57,47,10.5,6.35,43.2,966.3,Wheat
Benishangul-Gumuz,114,60,70,29.1,6.4,76.1,1094.4,Maize
Tigray,49,18,33,19.2,5.51,62.4,1099.4,Teff
Gambela,50,20,53,12.5,6.08,49.6,356.8,Barley
Tigray,86,42,57,25.4,6.06,80.2,1655.6,Enset
Tigray,77,75,72,18.3,7.31,58.6,1456.0,Maize
Somali,26,15,28,22.8,6.42,56.1,1109.1,Teff
South West Ethiopia,43,51,26,8.7,6.66,59.2,621.2,Barley
South West Ethiopia,55,48,60,15.9,7.1,69.7,348.9,Onion
Amhara,25,38,24,20.9,6.78,45.6,673.3,Lentil
Amhara,95,35,78,11.9,6.44,60.5,920.0,Wheat
Tigray,147,74,161,20.3,7.18,68.7,1631.4,Sugarcane
Afar,94,88,105,20.6,5.38,64.1,738.7,Potato
South West Ethiopia,132,49,103,34.2,5.03,74.2,1812.8,Rice
Benishangul-Gumuz,83,92,82,18.9,5.1,74.0,918.5,Potato
Gambela,57,28,25,20.8,7.96,40.1,440.0,Sorghum
South West Ethiopia,36,50,50,23.3,7.84,32.8,694.9,Lentil
South West Ethiopia,55,20,21,24.7,7.42,42.6,478.7,Sesame
South West Ethiopia,117,36,98,20.9,6.94,76.9,1430.1,Maize
Somali,69,66,93,23.9,6.29,55.1,651.6,Onion
South West Ethiopia,19,32,27,24.6,6.8,46.4,532.8,Lentil
Gambela,48,27,46,22.3,5.99,77.0,1354.4,Enset
South West Ethiopia,97,97,94,17.2,6.13,62.4,1115.9,Potato
Oromia,165,78,135,24.5,7.71,82.3,1574.4,Sugarcane
Somali,97,100,79,27.2,5.62,62.5,687.4,Tomato
Gambela,93,94,106,17.9,6.45,68.4,974.6,Cabbage
Oromia,71,41,99,24.7,6.26,83.2,502.2,Cabbage
Somali,55,55,35,14.8,7.49,61.1,539.8,Barley
Central Ethiopia,37,13,19,22.4,6.68,41.0,538.3,Teff
Central Ethiopia,53,17,31,33.2,5.82,51.6,521.1,Sesame
Sidama,84,43,99,23.3,6.55,71.1,686.9,Cabbage
Tigray,59,38,34,11.6,6.92,40.6,406.5,Wheat
Tigray,35,40,72,22.1,6.19,48.0,936.2,Groundnut
South West Ethiopia,88,91,100,20.7,5.79,68.7,939.6,Potato
Afar,187,91,144,34.1,6.44,84.7,1852.5,Sugarcane
Amhara,16,48,38,15.2,6.67,33.1,681.2,Lentil
Somali,12,42,49,22.8,7.71,57.3,334.9,Lentil
Gambela,78,32,35,11.5,6.62,63.8,733.8,Barley
Oromia,30,36,56,32.7,7.19,40.9,378.5,Sesame
Central Ethiopia,49,25,68,20.4,5.53,55.9,1061.7,Groundnut
Tigray,41,42,81,15.2,6.89,68.0,468.6,Onion
Gambela,95,83,109,15.3,7.47,63.5,1164.1,Cabbage
Sidama,67,38,65,18.2,6.49,68.9,1665.0,Enset
Gambela,30,12,31,20.5,6.82,37.9,713.8,Millet
South West Ethiopia,60,44,81,19.7,6.21,77.6,1207.5,Coffee
Sidama,105,59,69,34.2,6.18,74.9,1137.6,Rice
Somali,59,23,47,28.0,5.58,63.9,518.3,Groundnut
Somali,37,39,34,23.5,6.81,59.7,1105.1,Groundnut
Somali,36,30,35,27.9,7.45,41.5,607.6,Chickpea
Central Ethiopia,51,29,45,32.6,7.24,34.1,694.2,Millet
Tigray,21,28,39,23.9,6.12,53.8,696.9,Chickpea
Benishangul-Gumuz,28,35,43,23.6,7.17,55.8,477.5,Sesame
Benishangul-Gumuz,39,37,26,22.4,6.41,32.0,345.3,Millet
Central Ethiopia,120,46,51,22.5,5.16,82.7,1426.7,Coffee
Benishangul-Gumuz,78,29,51,22.8,7.4,40.4,620.0,Wheat
Afar,36,22,40,16.4,6.85,51.6,598.8,Lentil
Tigray,114,65,103,19.0,6.88,74.7,434.8,Tomato
Benishangul-Gumuz,76,60,67,8.6,6.93,59.8,394.3,Barley
Sidama,75,38,66,16.7,7.17,56.9,706.5,Barley
Central Ethiopia,39,21,10,20.2,6.14,56.9,713.9,Teff
Central Ethiopia,116,53,142,19.3,5.46,77.5,1110.8,Potato
Gambela,120,73,100,24.6,6.45,60.3,728.8,Cabbage
Amhara,64,45,108,21.5,6.32,76.8,1244.8,Rice
Amhara,100,95,122,16.9,5.98,65.2,726.4,Potato
Tigray,43,38,65,27.4,6.5,63.3,1420.0,Enset
Benishangul-Gumuz,59,43,37,26.3,6.08,44.3,547.1,Groundnut
Sidama,28,18,33,16.8,7.18,50.9,980.8,Teff
Amhara,62,66,103,24.3,6.17,75.8,894.9,Tomato
Afar,72,43,94,21.5,5.09,64.6,1482.7,Coffee
Tigray,60,76,82,19.3,7.42,77.9,689.1,Tomato
Benishangul-Gumuz,55,13,43,24.1,6.92,33.4,738.1,Millet
Oromia,80,11,29,20.9,6.39,49.3,647.4,Sorghum
Somali,100,33,55,24.5,6.05,64.1,979.4,Wheat
Benishangul-Gumuz,75,51,29,11.2,6.15,48.3,868.0,Wheat
Central Ethiopia,43,20,33,24.6,6.67,52.2,610.8,Wheat
Sidama,114,84,131,15.3,6.47,62.5,839.8,Potato
South West Ethiopia,120,38,23,14.7,7.07,63.5,922.2,Wheat
Afar,95,95,130,21.6,5.73,66.2,793.5,Tomato
Tigray,116,46,44,19.0,5.56,75.3,1395.9,Coffee
Amhara,65,33,72,20.0,5.91,68.2,1470.0,Coffee
Somali,98,73,104,18.6,7.07,78.0,726.6,Cabbage
Somali,50,25,15,22.8,6.52,51.5,581.7,Teff
Sidama,103,52,76,20.3,5.55,55.4,553.5,Tomato
Somali,100,56,87,18.7,6.31,63.9,1443.4,Maize
Benishangul-Gumuz,59,29,25,20.7,5.6,67.1,621.7,Teff
Amhara,24,38,30,25.3,5.85,32.6,412.5,Millet
Gambela,38,36,30,28.4,6.04,38.0,484.9,Chickpea
Sidama,107,93,83,15.7,5.02,71.2,904.9,Potato
Sidama,108,47,51,22.3,5.6,80.8,1637.7,Coffee
Somali,55,75,99,16.1,6.07,62.7,693.3,Onion
Afar,47,10,23,15.8,6.17,58.3,613.3,Teff
Sidama,14,44,50,18.9,7.65,59.3,345.0,Lentil
Central Ethiopia,38,57,30,25.8,6.81,46.9,669.6,Groundnut
South West Ethiopia,98,38,47,19.4,5.91,67.8,1221.1,Coffee
Somali,27,11,55,31.6,7.17,50.9,732.4,Millet
Somali,25,20,58,29.4,6.72,44.8,898.8,Groundnut
Sidama,87,55,41,32.2,5.49,73.2,1795.7,Rice
Central Ethiopia,52,43,52,26.1,6.21,53.1,608.4,Onion
Amhara,51,47,95,20.9,6.23,60.2,1224.5,Coffee
Benishangul-Gumuz,126,49,108,15.3,6.27,72.8,611.6,Potato
Afar,33,28,33,27.9,7.35,40.7,556.0,Millet
Tigray,88,31,47,19.2,6.1,84.5,1344.0,Coffee
Gambela,40,21,30,27.0,7.68,35.4,479.5,Chickpea
Amhara,48,13,56,30.1,6.9,34.0,432.5,Sorghum
Afar,72,39,59,22.8,7.22,53.8,551.1,Sorghum
Somali,83,80,85,29.9,5.8,75.4,508.1,Maize
Oromia,20,23,20,25.6,7.46,30.9,329.1,Millet
Tigray,95,67,46,17.3,6.57,62.6,594.3,Onion
Afar,26,22,60,20.9,5.97,35.7,674.0,Millet
Gambela,81,50,55,15.2,7.23,60.1,406.6,Onion
Gambela,174,54,162,22.5,7.81,77.9,1262.5,Sugarcane
Somali,114,71,76,21.3,7.24,61.6,1052.1,Cabbage
South West Ethiopia,91,22,90,23.8,6.24,78.6,1711.9,Coffee
Central Ethiopia,172,66,122,21.0,6.54,69.5,1817.8,Sugarcane
Oromia,31,41,20,25.2,6.25,40.7,420.6,Chickpea
Oromia,126,56,69,25.9,7.13,57.5,1439.0,Maize
Sidama,70,34,55,22.1,5.54,70.5,1245.3,Coffee
Amhara,77,49,60,10.3,7.16,51.9,795.9,Barley
Amhara,13,28,24,19.9,6.06,36.2,340.6,Lentil
Sidama,98,23,87,20.1,5.19,86.1,1300.3,Coffee
Afar,74,75,45,26.3,6.2,63.6,1012.4,Maize
Sidama,23,53,44,22.7,6.33,38.6,507.9,Lentil
Sidama,79,38,73,29.9,5.13,74.3,1787.4,Rice
Somali,72,46,23,12.6,6.5,47.7,428.9,Wheat
South West Ethiopia,38,44,42,24.5,7.35,35.5,388.4,Lentil
Oromia,133,54,143,24.9,6.47,61.8,1676.2,Sugarcane
Gambela,71,77,99,19.4,6.21,55.8,930.6,Tomato
Afar,82,40,84,22.7,6.39,66.2,1976.9,Coffee
Oromia,50,26,72,23.2,6.01,43.0,772.7,Groundnut
Amhara,19,28,23,21.2,6.77,46.2,317.3,Lentil
Tigray,67,50,100,24.1,6.61,54.7,720.1,Tomato
Tigray,21,26,40,28.0,6.94,36.3,683.9,Sesame
Gambela,94,47,52,26.0,7.46,66.2,1317.6,Maize
Benishangul-Gumuz,41,58,39,25.7,5.78,54.2,937.1,Groundnut
South West Ethiopia,107,50,75,20.0,6.02,80.9,1556.2,Coffee
Benishangul-Gumuz,29,35,50,28.8,6.61,41.0,505.8,Groundnut
Tigray,113,50,85,20.6,6.31,60.3,661.5,Potato
Central Ethiopia,29,54,31,17.9,6.06,41.1,451.2,Chickpea
Central Ethiopia,20,19,26,21.1,6.17,49.5,772.3,Teff
Tigray,110,46,43,32.6,6.27,73.0,1898.0,Rice
Afar,70,80,69,16.0,6.05,53.1,575.5,Onion
Tigray,84,21,47,22.7,5.31,75.8,1370.1,Coffee
Tigray,20,11,44,31.4,6.45,34.1,790.8,Sesame
Benishangul-Gumuz,84,92,141,19.2,5.18,72.2,666.2,Potato
Gambela,83,45,84,34.1,5.21,80.7,1414.1,Rice
Somali,123,53,115,30.3,7.24,67.8,1981.7,Sugarcane
Sidama,78,72,107,27.3,6.95,88.0,1684.6,Rice
Afar,50,40,63,16.4,7.45,50.6,752.1,Wheat
Oromia,47,27,29,18.6,7.38,67.6,1072.0,Teff
South West Ethiopia,52,38,41,23.0,5.69,64.8,1136.7,Enset
Afar,38,52,36,21.2,7.21,51.0,781.4,Chickpea
Oromia,53,46,78,28.8,6.84,47.0,755.0,Groundnut
Central Ethiopia,68,34,21,20.6,7.04,67.3,468.2,Wheat
Tigray,35,23,29,17.6,6.89,38.8,524.6,Chickpea
South West Ethiopia,137,88,103,24.2,6.2,80.1,1485.7,Sugarcane
Oromia,19,30,39,28.8,6.72,52.1,464.7,Chickpea
Oromia,89,43,94,19.3,6.2,82.9,1801.3,Coffee
Benishangul-Gumuz,39,55,46,22.0,6.99,40.6,529.5,Lentil
Tigray,157,55,186,29.9,7.28,70.2,1790.9,Sugarcane
Tigray,51,34,37,23.1,6.54,50.2,792.3,Millet
Afar,52,24,30,19.1,6.32,47.3,1126.9,Teff
South West Ethiopia,24,28,17,21.7,6.92,47.3,497.0,Teff
Somali,42,34,70,18.7,6.04,82.8,1830.8,Enset
Benishangul-Gumuz,38,53,37,28.1,6.46,51.3,663.3,Chickpea
Afar,114,64,127,20.7,6.1,56.9,991.1,Tomato
Tigray,58,39,27,22.8,5.54,58.0,323.4,Sesame
Gambela,47,23,45,23.9,6.64,35.1,571.9,Sesame
Somali,100,29,95,18.3,6.18,62.3,1634.9,Coffee
South West Ethiopia,40,17,55,34.8,6.72,42.3,655.4,Sorghum
Gambela,55,27,41,14.7,6.63,52.6,642.7,Barley
Sidama,27,47,78,27.7,6.01,51.5,1152.3,Groundnut
Benishangul-Gumuz,130,82,192,27.1,6.49,79.4,1281.6,Sugarcane
Amhara,48,37,29,10.2,7.07,60.5,721.6,Barley
Central Ethiopia,42,29,44,24.1,6.71,43.5,823.0,Wheat
Oromia,70,99,63,17.0,7.16,61.1,641.0,Cabbage
Afar,54,16,40,30.3,6.97,56.4,550.0,Millet
Somali,87,90,95,22.4,5.57,75.2,784.9,Maize
Central Ethiopia,30,53,24,19.4,7.49,43.9,595.9,Lentil
South West Ethiopia,52,58,94,19.9,6.81,64.0,627.9,Onion
Gambela,24,51,28,17.0,7.84,39.4,326.6,Lentil
South West Ethiopia,63,81,132,24.9,5.83,63.3,942.7,Tomato
Central Ethiopia,37,38,56,28.3,7.02,54.6,427.4,Sesame
Somali,48,10,53,21.1,5.66,30.4,547.7,Sesame
Sidama,51,42,61,18.8,6.44,86.7,1971.1,Coffee
Benishangul-Gumuz,63,38,82,22.7,5.71,65.1,1481.3,Enset
Oromia,117,55,71,12.3,7.33,64.8,621.6,Wheat
Tigray,115,79,100,24.3,6.47,81.9,1313.1,Sugarcane
Sidama,58,19,52,23.9,6.5,57.5,484.3,Millet
Sidama,120,55,96,25.4,6.97,62.3,941.8,Maize
Amhara,74,26,78,22.0,6.16,70.3,1630.2,Enset
Benishangul-Gumuz,68,54,73,20.2,6.22,48.6,706.9,Wheat
Amhara,84,95,81,18.9,5.79,75.7,920.5,Potato
Central Ethiopia,32,37,38,22.7,7.04,55.1,463.5,Millet
Somali,37,15,22,24.3,6.35,41.1,781.4,Teff
Tigray,24,32,42,24.1,5.69,50.5,377.6,Sesame
Central Ethiopia,20,22,43,17.8,6.62,48.8,396.6,Lentil
Gambela,32,38,37,29.3,5.93,48.1,699.9,Groundnut
Somali,37,38,25,20.6,7.83,52.1,384.3,Sorghum
Sidama,69,76,99,24.2,6.6,50.7,505.8,Onion
Central Ethiopia,33,29,64,20.3,5.98,47.9,1065.2,Groundnut
Benishangul-Gumuz,91,79,42,24.2,6.58,84.7,1010.6,Rice
Gambela,134,97,142,20.5,7.33,80.5,1436.2,Sugarcane
Gambela,76,50,47,23.5,5.79,84.1,1455.1,Coffee
Benishangul-Gumuz,138,44,53,24.8,5.95,77.6,804.2,Maize
Gambela,91,26,44,16.7,6.34,56.6,440.7,Barley
Sidama,64,52,53,13.3,7.25,41.8,409.9,Wheat
Afar,191,87,130,30.4,6.96,75.6,1776.1,Sugarcane
Sidama,85,56,103,29.0,5.57,58.6,423.8,Tomato
Sidama,89,31,89,18.3,6.0,73.8,1310.2,Enset
Sidama,55,27,73,20.7,6.19,77.7,1489.3,Enset
Sidama,50,47,54,26.3,5.54,60.4,1084.6,Groundnut
Sidama,23,32,44,17.3,7.37,57.3,355.6,Lentil
Benishangul-Gumuz,86,57,83,20.1,5.93,77.6,536.8,Tomato
Tigray,109,73,109,19.0,6.44,77.5,502.2,Potato
Afar,40,11,16,20.8,5.69,62.6,1060.4,Teff
Oromia,69,41,85,20.1,6.08,82.6,1394.7,Coffee
Tigray,62,59,75,20.0,7.06,80.7,500.5,Cabbage
Benishangul-Gumuz,115,96,74,25.0,6.8,66.0,813.9,Tomato
Sidama,92,52,47,26.9,6.75,59.3,376.8,Onion
Oromia,51,26,54,24.6,5.72,51.1,944.5,Groundnut
Oromia,69,76,103,19.0,5.96,67.0,647.9,Tomato
Somali,93,58,64,15.6,7.29,57.7,612.1,Onion
Sidama,93,38,55,18.4,6.32,70.5,1196.5,Enset
Oromia,73,79,69,18.4,7.35,62.9,697.7,Onion
Tigray,64,64,97,24.7,6.72,63.0,588.6,Onion
Somali,112,91,83,23.5,5.72,76.1,676.5,Tomato
Afar,24,32,47,29.7,6.2,51.2,331.3,Sesame
Tigray,105,70,149,17.6,6.11,61.9,888.5,Cabbage
Sidama,26,26,25,31.4,6.55,48.3,346.1,Sesame
Tigray,31,59,31,15.1,7.28,37.1,675.6,Lentil
South West Ethiopia,70,46,73,22.1,5.98,67.0,872.3,Tomato
Central Ethiopia,108,56,84,16.6,6.84,63.1,1142.4,Cabbage
Amhara,69,11,32,33.4,7.06,56.2,503.3,Sorghum
Central Ethiopia,58,46,64,23.3,6.43,68.8,724.1,Onion
Amhara,55,25,31,15.2,6.54,52.1,510.5,Barley
South West Ethiopia,109,51,139,19.6,6.31,66.6,637.9,Tomato
Central Ethiopia,38,44,53,9.7,7.28,58.4,648.8,Barley
Central Ethiopia,54,39,69,12.4,6.43,41.6,631.9,Barley
Tigray,62,76,84,17.5,7.22,52.7,776.1,Onion
South West Ethiopia,39,55,48,18.3,7.45,37.4,647.9,Lentil
Somali,39,43,43,20.4,7.65,46.7,485.1,Lentil
Afar,149,96,134,28.1,7.01,64.0,1894.2,Sugarcane
Central Ethiopia,52,11,49,24.7,6.53,38.8,795.9,Sesame
Sidama,57,16,22,32.8,7.34,40.1,780.0,Sesame
Central Ethiopia,20,28,35,16.3,6.64,60.2,1112.3,Teff
Gambela,136,58,92,15.1,6.21,66.0,573.1,Potato
Sidama,48,60,42,20.2,7.26,54.4,631.4,Onion
Amhara,14,25,23,17.8,6.4,36.0,690.4,Lentil
Amhara,89,38,52,20.9,5.52,73.1,1243.7,Maize
Benishangul-Gumuz,134,79,81,34.0,6.6,84.6,1993.4,Rice
Oromia,72,90,93,24.5,7.45,74.4,408.9,Tomato
Sidama,107,48,136,20.3,6.26,79.7,853.9,Cabbage
Gambela,48,32,66,20.9,6.71,57.0,923.4,Groundnut
Central Ethiopia,30,44,61,20.6,7.0,43.2,1123.9,Groundnut
Benishangul-Gumuz,87,33,21,10.1,7.35,67.8,415.5,Wheat
Amhara,81,29,61,19.5,5.54,61.9,1654.6,Enset
Amhara,80,37,63,18.3,6.05,82.0,1622.6,Coffee
Sidama,86,27,53,18.1,6.86,78.2,1708.7,Enset
Amhara,100,54,142,24.9,6.61,61.4,713.7,Cabbage
Gambela,63,68,107,19.4,6.72,54.5,746.5,Maize
Oromia,89,63,72,22.2,6.38,79.6,1267.2,Rice
Central Ethiopia,85,41,23,10.5,7.22,64.7,302.0,Barley
Oromia,194,52,194,34.8,7.85,70.2,1950.3,Sugarcane
Sidama,22,18,28,17.3,6.77,64.9,984.3,Teff
Afar,35,21,16,24.0,6.56,64.6,445.3,Teff
Afar,137,86,98,21.6,5.86,63.8,876.8,Potato
Gambela,37,26,55,26.0,6.16,67.1,811.4,Groundnut
Gambela,28,33,60,32.2,7.5,55.1,716.7,Millet
South West Ethiopia,100,77,98,27.4,6.08,69.3,720.1,Onion
Afar,110,45,96,23.2,5.41,67.2,1594.8,Coffee
Oromia,97,51,72,28.3,6.23,75.1,1546.8,Rice
Somali,66,33,40,15.0,6.2,54.7,457.1,Barley
Sidama,35,31,59,31.4,6.89,39.4,623.6,Millet
Afar,114,45,51,20.3,5.59,74.6,1734.7,Coffee
Sidama,50,30,98,20.0,6.34,78.3,1265.1,Enset
Gambela,85,71,113,18.1,6.64,54.9,1004.0,Maize
Afar,93,56,97,15.2,6.5,73.4,765.8,Potato
South West Ethiopia,74,69,92,19.5,6.51,56.1,757.9,Onion
Afar,53,38,48,25.1,6.25,67.2,1711.2,Enset
Oromia,95,55,45,16.0,7.3,55.4,576.4,Wheat
Oromia,36,42,64,11.3,6.8,52.9,385.5,Barley
Amhara,34,29,30,15.8,7.74,57.2,488.1,Lentil
Amhara,28,45,44,26.3,6.95,45.6,895.5,Groundnut
Central Ethiopia,108,36,89,21.5,5.14,77.6,1652.5,Coffee
Oromia,108,49,83,32.4,5.1,81.3,1411.1,Rice
South West Ethiopia,55,52,32,21.0,7.23,53.8,375.1,Barley
South West Ethiopia,107,37,97,20.0,5.97,65.9,1426.5,Maize
Afar,76,39,57,22.0,7.4,59.4,313.9,Sorghum
Sidama,110,45,84,20.0,7.35,73.1,767.4,Cabbage
Afar,97,44,112,22.8,6.69,81.5,1446.8,Rice
Oromia,129,77,196,25.7,6.42,74.3,1207.3,Sugarcane
Gambela,78,21,55,20.1,6.76,80.9,1836.0,Enset
Sidama,103,25,75,22.8,7.37,55.8,947.9,Wheat
Sidama,25,35,33,28.7,6.15,40.3,314.1,Millet
Sidama,131,45,105,18.9,6.18,72.5,835.3,Potato
Oromia,100,78,89,27.9,5.82,77.0,564.6,Tomato
Oromia,70,39,48,11.7,6.97,54.4,880.6,Wheat
Amhara,92,60,90,21.7,6.0,63.2,543.6,Potato
Sidama,114,52,56,24.1,7.36,56.8,984.6,Wheat
Amhara,102,71,104,21.9,5.34,60.8,560.8,Potato
Tigray,93,46,70,31.7,5.39,74.4,1941.5,Rice
South West Ethiopia,32,20,50,28.0,6.46,58.7,1179.6,Groundnut
Somali,97,41,48,8.2,6.31,57.8,312.1,Barley
Gambela,24,14,18,23.3,6.72,42.3,482.7,Teff
Tigray,128,88,102,15.2,5.3,72.3,1129.5,Potato
Afar,82,67,97,16.7,6.0,79.3,892.7,Potato
Tigray,125,55,165,28.6,7.54,61.3,1204.5,Sugarcane
Tigray,26,45,44,18.1,7.41,43.8,359.0,Lentil
Sidama,108,41,118,19.2,6.14,79.9,1286.0,Maize
South West Ethiopia,94,40,56,24.7,6.58,62.3,803.6,Wheat
Somali,110,83,78,24.5,6.95,66.6,532.0,Cabbage
Tigray,101,74,67,23.6,7.18,61.3,567.3,Maize
South West Ethiopia,117,50,94,28.6,6.45,51.9,616.7,Tomato
Oromia,14,47,33,28.5,6.77,58.6,368.0,Chickpea
Tigray,100,22,53,24.4,5.73,81.2,1408.0,Enset
Afar,81,69,94,23.9,5.66,83.4,1982.0,Rice
Somali,116,96,108,18.8,7.31,82.0,971.3,Cabbage
Somali,84,69,117,23.7,6.29,71.8,762.4,Cabbage
Gambela,130,80,119,23.7,7.92,76.2,1735.7,Sugarcane
Oromia,58,14,48,21.1,6.53,45.5,722.7,Millet
Afar,51,28,22,33.4,6.12,36.3,664.2,Sorghum
Gambela,104,79,137,23.8,6.42,70.6,823.0,Cabbage
Sidama,77,24,70,15.5,6.17,42.8,414.2,Barley
South West Ethiopia,75,33,69,13.8,7.31,41.0,723.3,Barley
Benishangul-Gumuz,33,13,31,20.3,6.21,38.3,575.8,Sesame
Benishangul-Gumuz,41,34,95,25.8,5.61,77.7,1837.8,Enset
Tigray,114,26,93,23.0,5.75,78.3,1540.5,Coffee
Tigray,35,38,67,21.3,5.8,51.0,825.3,Groundnut
Afar,41,15,20,16.0,6.56,69.5,751.9,Teff
Afar,10,38,23,18.1,7.01,31.3,534.8,Chickpea
Tigray,27,11,25,15.2,6.19,45.3,563.9,Teff
South West Ethiopia,33,30,26,15.8,7.78,40.4,529.9,Chickpea
Benishangul-Gumuz,36,38,28,16.3,7.96,51.6,386.3,Lentil
Amhara,60,58,44,12.4,7.37,54.0,475.9,Wheat
South West Ethiopia,51,24,29,23.3,5.68,56.2,590.6,Sesame
Gambela,51,26,10,22.8,6.12,53.5,1122.6,Teff
Afar,31,45,47,21.3,6.13,65.5,1081.9,Groundnut
Sidama,58,55,41,26.4,6.77,55.1,681.0,Groundnut
Somali,100,26,48,23.2,5.72,72.6,1137.6,Enset
Central Ethiopia,51,58,46,21.6,6.5,41.6,1087.4,Groundnut
Benishangul-Gumuz,127,97,105,19.0,5.07,62.4,742.8,Potato
Sidama,32,33,57,27.3,5.82,53.9,558.9,Sorghum
Gambela,84,24,78,23.8,6.3,64.4,412.4,Wheat
Amhara,47,30,52,28.4,6.97,46.7,419.2,Millet
Somali,75,51,96,27.0,5.27,83.5,1694.7,Rice
Afar,51,43,41,19.6,6.37,63.1,1279.4,Coffee
Tigray,198,86,175,24.1,6.17,64.4,1265.2,Sugarcane
Gambela,57,25,37,19.3,7.38,47.2,538.2,Teff
Oromia,60,86,96,19.0,6.56,69.5,1005.9,Maize
South West Ethiopia,56,51,69,16.6,6.41,52.8,576.0,Barley
Gambela,53,14,39,23.9,6.26,42.2,303.9,Millet
South West Ethiopia,111,70,135,27.9,6.47,79.9,1902.3,Sugarcane
Amhara,54,13,59,33.8,5.81,42.4,605.2,Sesame
South West Ethiopia,47,47,32,25.7,5.87,42.2,814.5,Groundnut
Oromia,69,100,145,22.2,6.63,70.9,1065.0,Cabbage
Somali,33,50,29,17.0,7.63,39.9,447.8,Chickpea
Amhara,120,40,92,22.2,5.31,81.4,1989.8,Coffee
Amhara,101,45,114,24.9,6.43,65.2,953.4,Cabbage
Benishangul-Gumuz,126,79,116,18.3,6.6,73.0,555.5,Maize
Gambela,16,21,42,20.5,7.54,34.9,374.9,Chickpea
Amhara,54,12,11,15.4,6.17,49.1,1006.2,Teff
Central Ethiopia,16,57,29,16.1,7.52,39.9,562.8,Chickpea
Somali,31,28,21,20.8,6.25,57.5,655.4,Lentil
Sidama,138,60,118,31.6,6.81,79.5,1922.7,Sugarcane
Amhara,24,21,36,20.7,5.84,41.0,695.0,Sorghum
Amhara,92,35,56,18.9,6.85,47.4,537.1,Barley
South West Ethiopia,15,60,40,15.1,6.87,55.0,304.7,Lentil
South West Ethiopia,92,36,20,22.5,6.16,67.6,647.3,Wheat
Benishangul-Gumuz,25,10,32,33.7,7.21,46.6,319.0,Sesame
Benishangul-Gumuz,68,31,21,22.6,6.77,39.7,718.4,Sorghum
South West Ethiopia,97,25,48,21.1,6.18,42.1,940.9,Wheat
Tigray,91,27,96,22.7,5.95,75.1,1657.0,Coffee
Somali,84,96,108,19.3,5.81,68.8,662.2,Tomato
Somali,56,23,20,19.2,6.77,61.4,618.2,Wheat
Central Ethiopia,43,35,33,21.5,6.3,64.8,1096.5,Groundnut
Central Ethiopia,70,36,29,18.8,6.58,51.7,836.9,Wheat
Amhara,77,86,74,21.4,6.98,81.0,706.7,Cabbage
South West Ethiopia,47,44,27,11.6,6.98,50.9,525.5,Wheat
South West Ethiopia,48,57,69,23.4,5.68,54.1,629.4,Groundnut
Somali,120,46,102,20.6,5.58,70.9,557.1,Potato
Central Ethiopia,58,22,50,18.0,7.43,46.2,797.1,Barley
Somali,107,44,85,16.6,6.55,74.3,621.7,Cabbage
Oromia,48,35,29,22.6,7.43,31.4,564.6,Sesame
Tigray,22,39,48,16.5,7.65,34.5,463.0,Lentil
Central Ethiopia,128,78,148,21.5,5.54,64.5,924.1,Potato
Tigray,28,35,23,25.5,7.81,59.4,473.7,Sorghum
Oromia,30,16,11,20.6,5.99,56.0,424.6,Teff
Gambela,28,14,40,26.2,5.99,51.7,731.5,Sesame
Somali,74,89,51,23.3,7.17,58.2,1253.5,Maize
Gambela,31,24,35,20.4,6.66,69.5,571.0,Groundnut
Somali,106,38,35,16.4,7.0,56.7,515.7,Wheat
Sidama,109,62,81,34.0,6.39,71.3,1446.0,Rice
Afar,20,32,40,15.6,7.73,30.2,311.4,Lentil
Benishangul-Gumuz,38,49,27,16.0,6.66,40.9,549.2,Barley
Tigray,53,34,23,29.4,7.3,42.1,521.9,Sesame
Afar,49,29,54,29.9,6.41,66.8,985.4,Groundnut
Somali,81,51,47,25.0,6.24,75.0,1020.2,Rice
Afar,40,46,46,22.6,6.33,79.2,1395.4,Enset
Gambela,143,30,84,27.2,5.1,74.7,1079.7,Rice
South West Ethiopia,90,68,120,20.0,6.23,72.8,578.6,Potato
South West Ethiopia,24,25,40,23.1,6.87,36.2,321.4,Lentil
Tigray,63,34,40,22.5,6.94,37.1,812.1,Sorghum
Benishangul-Gumuz,153,99,105,20.3,6.69,82.5,1991.9,Sugarcane
Central Ethiopia,39,28,48,20.3,6.93,55.8,352.8,Barley
South West Ethiopia,46,27,55,28.0,7.3,53.5,519.8,Sesame
Tigray,81,93,96,26.1,6.89,63.0,437.9,Tomato
Somali,50,25,68,26.6,6.86,69.8,820.6,Groundnut
South West Ethiopia,42,31,42,10.4,6.22,46.6,349.2,Barley
Amhara,27,47,33,23.5,7.09,56.0,378.0,Lentil
Central Ethiopia,26,23,58,30.0,6.05,64.9,1089.7,Groundnut
Somali,87,54,148,15.1,7.41,82.6,916.2,Cabbage
Central Ethiopia,90,53,127,18.4,6.72,62.9,502.6,Tomato
Benishangul-Gumuz,70,70,134,22.9,7.08,76.4,587.6,Tomato
Central Ethiopia,53,10,42,34.4,6.33,43.4,492.5,Sorghum
Tigray,106,63,119,20.9,6.98,79.6,1033.6,Maize
Benishangul-Gumuz,49,58,39,28.5,6.07,61.4,1153.7,Groundnut
South West Ethiopia,43,42,48,16.7,6.67,58.4,597.2,Barley
Amhara,65,20,36,24.7,6.75,57.5,521.7,Sorghum
Afar,37,35,31,20.3,6.11,47.8,999.3,Groundnut
Gambela,140,40,82,19.6,6.42,75.9,749.7,Potato
Amhara,127,57,101,19.1,5.32,69.4,1067.7,Potato
Gambela,135,71,111,30.7,7.99,71.5,1955.7,Sugarcane
Sidama,55,27,56,22.8,5.87,37.4,441.7,Sesame
Amhara,61,62,99,28.0,6.11,71.5,658.3,Tomato
Benishangul-Gumuz,168,76,111,33.1,7.41,73.5,1252.6,Sugarcane
Central Ethiopia,137,46,88,20.4,5.07,79.6,884.9,Potato
Benishangul-Gumuz,51,30,58,34.3,5.84,33.9,582.7,Sesame
Central Ethiopia,53,27,25,22.5,6.5,58.0,993.2,Teff
Somali,99,99,93,23.5,6.4,67.7,946.2,Cabbage
Sidama,99,55,62,9.6,7.49,60.9,472.3,Barley
Tigray,23,10,48,22.4,7.05,51.1,487.1,Millet
Benishangul-Gumuz,114,22,86,21.1,6.05,74.1,1551.6,Coffee
Tigray,63,89,51,27.9,7.13,55.9,1074.7,Maize
Amhara,120,60,61,19.0,6.39,68.1,1176.2,Cabbage
Somali,112,38,80,23.8,6.72,59.0,966.6,Maize
South West Ethiopia,94,52,49,17.4,6.79,62.6,474.3,Barley
Sidama,124,72,57,28.5,5.49,77.7,1925.2,Rice
South West Ethiopia,116,74,84,20.3,6.34,73.7,1033.4,Maize
Somali,138,72,157,27.6,7.17,61.6,1856.9,Sugarcane
Tigray,61,25,39,31.4,6.28,40.9,421.2,Sorghum
Sidama,56,34,21,23.5,6.62,44.7,442.5,Sesame
Gambela,28,37,49,26.5,5.81,55.7,561.2,Sesame
Sidama,44,40,24,31.9,6.72,39.8,435.3,Sorghum
Benishangul-Gumuz,54,41,73,23.3,5.75,81.2,1834.3,Enset
Oromia,103,73,113,27.7,7.43,51.6,924.1,Tomato
Amhara,119,42,47,20.1,5.8,71.9,1375.5,Coffee
Amhara,92,54,79,20.9,5.24,86.2,1621.5,Rice
Afar,78,75,48,24.6,6.38,69.0,569.7,Onion
Oromia,15,21,47,23.6,7.51,51.9,796.3,Chickpea
Oromia,31,22,35,20.6,5.51,65.4,762.9,Groundnut
Oromia,55,39,59,25.7,6.51,42.4,1094.1,Groundnut
Central Ethiopia,107,100,121,22.4,6.42,69.7,997.3,Tomato
Gambela,59,39,24,23.0,7.21,30.7,734.1,Sorghum
Oromia,48,50,62,22.5,6.44,60.4,776.0,Onion
Afar,71,22,61,25.1,6.51,77.9,1742.1,Enset
Benishangul-Gumuz,90,49,63,19.7,5.34,77.2,1335.0,Coffee
Afar,98,36,65,13.2,7.24,41.6,788.3,Barley
Tigray,75,37,25,23.7,6.27,61.9,678.8,Wheat
South West Ethiopia,97,47,70,21.6,5.88,84.5,1834.9,Coffee
Oromia,123,37,104,33.0,5.88,88.9,1459.9,Rice
Oromia,36,40,24,21.7,7.4,53.8,443.8,Millet
Amhara,132,56,89,17.5,5.78,61.2,924.1,Potato
South West Ethiopia,81,63,92,22.3,6.04,82.3,931.4,Cabbage
Somali,32,30,41,17.0,6.11,55.7,483.6,Chickpea
Amhara,11,28,35,25.9,7.84,41.6,481.5,Chickpea
Tigray,57,19,51,27.9,6.8,58.6,315.4,Millet
Sidama,93,52,120,22.6,6.85,58.0,824.1,Tomato
Oromia,86,49,66,19.0,5.21,88.1,1523.8,Coffee
Amhara,91,59,91,16.5,6.11,73.8,616.1,Potato
Somali,20,31,54,28.2,5.64,44.3,981.1,Groundnut
Central Ethiopia,24,29,24,26.6,7.1,43.0,387.5,Chickpea
Afar,64,45,71,24.7,6.1,59.3,501.1,Onion
South West Ethiopia,32,29,27,18.0,6.63,53.5,1057.1,Teff
Oromia,65,30,41,22.7,6.71,67.9,1117.9,Enset
South West Ethiopia,138,68,61,33.9,5.11,76.1,1105.1,Rice
Somali,34,13,27,20.4,6.17,67.9,572.7,Teff
Tigray,119,65,113,25.4,6.14,57.4,835.9,Maize
Benishangul-Gumuz,33,34,49,25.8,6.3,44.3,311.8,Sesame
Amhara,110,51,117,26.1,5.54,74.8,515.9,Tomato
Gambela,78,36,52,26.1,5.71,76.0,1884.0,Enset
Tigray,33,38,33,21.3,6.21,34.6,499.0,Millet
Oromia,51,37,35,31.2,6.48,34.7,370.2,Millet
Afar,34,45,59,24.4,5.53,60.9,820.0,Groundnut
South West Ethiopia,64,32,36,15.1,6.41,51.4,578.4,Barley
Afar,98,73,144,21.0,7.12,79.3,1122.6,Cabbage
Tigray,77,29,61,25.8,6.7,73.3,1341.1,Enset
Afar,66,37,83,23.5,6.48,77.1,1499.2,Coffee
Sidama,46,33,84,22.8,7.21,66.7,490.2,Onion
South West Ethiopia,53,44,72,25.5,5.62,66.3,1040.2,Groundnut
Benishangul-Gumuz,55,17,12,23.8,6.75,56.9,848.0,Teff
South West Ethiopia,58,29,46,22.5,6.35,63.9,795.0,Groundnut
Central Ethiopia,89,23,42,19.4,6.1,82.0,1848.7,Coffee
Somali,69,31,30,15.7,7.07,61.4,558.7,Wheat
Amhara,41,53,40,17.3,6.79,47.8,948.3,Wheat
Amhara,116,60,96,27.1,5.79,69.2,544.3,Tomato
Central Ethiopia,56,36,52,19.4,6.28,71.7,1758.8,Coffee
Oromia,118,46,126,24.1,7.05,50.3,450.8,Tomato
Benishangul-Gumuz,22,15,32,16.1,5.89,53.9,596.4,Teff
Gambela,65,57,113,29.7,5.29,74.0,1390.1,Rice
Amhara,48,37,79,19.8,6.55,59.7,366.9,Onion
Oromia,97,38,63,21.9,7.48,62.3,672.8,Onion
Gambela,34,20,36,22.3,5.56,67.2,588.3,Teff
Sidama,102,84,188,20.4,6.53,72.9,1832.4,Sugarcane
Somali,55,22,83,21.8,5.88,65.6,1575.6,Enset
Sidama,20,36,47,20.1,7.07,48.9,693.1,Chickpea
Sidama,35,21,21,21.1,7.56,42.6,537.0,Chickpea
Tigray,55,57,30,12.0,7.22,62.5,950.6,Wheat
Gambela,22,22,39,24.2,6.27,57.9,662.9,Chickpea
Gambela,80,87,94,15.4,5.59,73.7,677.0,Potato
Gambela,182,100,104,29.6,7.37,70.0,1973.1,Sugarcane
Amhara,20,23,67,21.5,6.61,59.9,645.5,Groundnut
Oromia,38,59,36,21.9,7.56,38.1,701.0,Chickpea
Amhara,49,19,33,31.9,5.89,45.2,685.7,Millet
Gambela,55,21,64,20.6,6.56,83.8,1836.6,Enset
Benishangul-Gumuz,44,43,34,13.4,6.19,54.8,506.7,Barley
Benishangul-Gumuz,37,30,39,23.6,7.19,36.3,512.8,Millet
South West Ethiopia,91,69,86,32.5,5.1,76.2,1918.0,Rice
Benishangul-Gumuz,40,17,38,22.4,6.11,46.2,413.5,Sorghum
Central Ethiopia,27,37,45,20.8,5.93,49.5,949.4,Groundnut
South West Ethiopia,101,45,77,23.2,5.25,67.8,1975.0,Coffee
Somali,56,43,65,26.2,6.6,58.0,1028.4,Groundnut
Tigray,22,39,34,26.7,6.63,66.7,1137.5,Groundnut
Tigray,88,47,66,17.9,6.26,65.6,791.9,Onion
South West Ethiopia,90,40,45,20.1,5.86,70.3,1499.2,Coffee
Sidama,56,29,53,21.9,5.93,58.3,856.7,Sorghum
Benishangul-Gumuz,62,36,48,22.0,5.56,69.9,1407.1,Coffee
Tigray,117,57,149,28.9,7.32,63.1,444.7,Tomato
Central Ethiopia,75,71,96,29.1,6.39,73.0,1408.3,Maize
Afar,96,47,22,18.5,6.73,63.9,498.2,Wheat
Amhara,64,22,45,23.5,6.06,65.3,888.8,Wheat
Benishangul-Gumuz,128,57,126,20.2,6.47,70.5,763.3,Potato
Oromia,91,61,79,20.3,6.7,75.1,609.7,Tomato
South West Ethiopia,23,18,34,32.4,5.87,51.4,495.9,Millet
South West Ethiopia,42,30,24,21.5,5.59,57.3,520.4,Teff
Tigray,35,21,22,28.5,7.82,33.6,545.5,Chickpea
Somali,56,19,22,30.1,7.38,51.3,653.8,Millet
Oromia,135,62,111,25.2,5.6,89.9,1522.2,Rice
Sidama,53,54,55,24.5,6.68,68.8,977.9,Groundnut
Oromia,68,39,69,20.1,6.38,58.2,361.8,Barley
Tigray,15,32,22,25.0,6.88,42.0,460.2,Chickpea
Benishangul-Gumuz,93,35,43,22.9,6.51,73.4,1954.2,Enset
Tigray,71,43,21,19.5,7.11,66.0,672.2,Wheat
Benishangul-Gumuz,68,30,47,17.3,6.36,62.7,638.6,Barley
Sidama,60,61,71,25.4,6.8,56.4,424.1,Onion
Somali,41,20,26,24.6,5.55,54.3,652.6,Millet
Amhara,30,21,76,22.1,6.87,52.8,897.1,Groundnut
Tigray,28,21,30,29.2,6.34,66.6,901.5,Groundnut
Tigray,57,32,58,30.1,7.38,37.8,656.1,Millet
Central Ethiopia,28,24,37,23.2,7.25,45.2,1061.2,Teff
Central Ethiopia,149,66,179,24.3,6.32,66.1,1414.5,Sugarcane
Gambela,39,25,35,32.2,5.69,37.4,670.7,Millet
Oromia,35,47,33,27.6,7.14,57.1,792.5,Chickpea
Benishangul-Gumuz,30,57,67,19.6,7.13,63.8,353.8,Barley
Benishangul-Gumuz,37,41,39,15.0,6.92,30.1,445.3,Chickpea
Afar,97,61,89,24.7,6.21,65.8,535.4,Onion
Afar,37,27,36,19.6,6.31,30.3,306.3,Lentil
Benishangul-Gumuz,31,46,57,21.8,6.35,61.3,560.8,Groundnut
South West Ethiopia,23,36,48,26.9,6.71,56.7,514.2,Chickpea
South West Ethiopia,18,31,43,28.6,6.1,47.8,446.5,Chickpea
Tigray,79,47,68,22.6,6.28,64.1,420.0,Onion
Oromia,39,15,60,34.7,6.15,37.1,490.0,Millet
Amhara,79,33,47,27.0,7.69,37.0,803.0,Sorghum
Afar,70,33,73,21.2,7.09,66.9,870.6,Wheat
Gambela,110,54,90,24.4,6.26,69.9,1060.0,Cabbage
Gambela,60,55,78,16.1,6.92,76.5,519.7,Cabbage
Sidama,84,26,54,22.7,6.16,72.2,1673.8,Coffee
Sidama,39,29,40,21.1,6.36,55.4,471.6,Chickpea
Oromia,114,83,76,18.6,6.71,66.2,877.3,Cabbage
Oromia,86,31,24,18.3,7.48,59.3,990.9,Wheat
Benishangul-Gumuz,53,54,49,21.2,5.8,62.4,608.5,Groundnut
South West Ethiopia,57,28,25,11.3,6.77,40.2,509.8,Barley
Afar,145,69,46,22.6,5.34,72.2,1564.4,Rice
Central Ethiopia,95,67,135,18.5,5.6,62.3,801.0,Potato
Sidama,75,28,26,30.4,7.92,56.9,547.1,Sorghum
Benishangul-Gumuz,24,20,32,21.4,6.37,46.9,316.6,Lentil
Oromia,92,73,97,19.1,7.05,68.9,1447.6,Maize
Somali,88,42,38,16.3,7.23,50.8,725.6,Barley
Somali,62,99,115,18.3,7.05,70.9,620.9,Cabbage
Afar,54,19,31,26.1,6.21,40.7,800.8,Sorghum
Central Ethiopia,96,20,40,22.1,7.26,68.1,593.3,Wheat
Sidama,31,48,20,16.9,6.78,54.8,631.8,Chickpea
Tigray,53,19,41,25.8,6.67,47.1,378.0,Millet
Gambela,162,71,190,22.6,7.79,72.1,1998.5,Sugarcane
Oromia,109,32,46,18.8,6.22,85.0,1826.8,Coffee
Sidama,113,48,104,25.1,6.04,75.6,971.9,Tomato
Somali,11,58,29,17.1,6.31,44.6,400.7,Lentil
Benishangul-Gumuz,127,72,59,25.5,6.18,88.8,1994.6,Rice
Gambela,31,56,27,17.3,7.23,47.2,628.4,Chickpea
Oromia,75,38,85,19.4,5.92,74.9,1687.5,Coffee
Tigray,79,64,139,23.2,6.35,74.2,1012.2,Cabbage
Gambela,66,29,88,22.4,6.05,79.1,1579.7,Coffee
Somali,50,33,54,25.0,6.07,60.6,1226.9,Enset
Oromia,63,73,49,23.8,5.74,81.4,1820.5,Rice
South West Ethiopia,21,11,16,18.2,6.36,69.9,793.3,Teff
Gambela,28,31,42,21.7,7.76,34.3,377.7,Lentil
Tigray,36,25,42,19.4,6.58,48.8,331.6,Lentil
Benishangul-Gumuz,59,11,14,23.2,5.88,41.8,665.2,Teff
Sidama,30,38,47,21.4,7.67,31.8,623.0,Sorghum
Central Ethiopia,27,17,43,21.0,5.56,49.9,311.8,Millet
Tigray,80,39,59,16.9,6.76,66.5,462.1,Wheat
Central Ethiopia,101,94,145,21.1,6.03,76.7,704.3,Potato
Somali,30,12,57,22.2,6.42,54.0,764.0,Sorghum
Central Ethiopia,83,24,56,18.5,5.13,67.5,1857.0,Coffee
Oromia,24,29,45,28.0,5.8,35.8,749.2,Sesame
Somali,47,70,94,17.5,6.55,64.7,795.8,Onion
Afar,33,46,26,24.3,7.98,47.2,751.9,Chickpea
Gambela,38,41,67,28.4,6.29,63.9,725.6,Groundnut
South West Ethiopia,17,37,44,24.3,7.66,36.9,338.1,Lentil
Central Ethiopia,89,45,95,18.1,5.92,60.6,1876.9,Enset
Tigray,29,58,23,23.3,6.28,46.3,332.9,Lentil
Benishangul-Gumuz,45,38,90,17.6,7.45,64.5,468.2,Onion
Oromia,47,68,91,21.4,6.62,62.3,453.7,Onion
Gambela,141,49,57,22.7,5.02,89.8,1914.2,Rice
Benishangul-Gumuz,60,18,34,29.3,6.31,48.1,577.5,Sorghum
Benishangul-Gumuz,40,26,21,29.9,5.85,41.2,377.9,Sesame
Benishangul-Gumuz,77,99,139,20.8,7.03,73.1,1048.1,Cabbage
South West Ethiopia,36,16,34,24.2,6.59,52.8,722.0,Sesame
Central Ethiopia,138,36,53,27.6,5.48,80.0,1139.9,Rice
Tigray,76,59,58,22.1,6.35,68.6,543.6,Onion
Central Ethiopia,158,84,176,22.3,6.52,75.8,1292.7,Sugarcane
Benishangul-Gumuz,44,28,36,18.6,6.08,51.2,416.2,Teff
Oromia,181,50,146,26.6,6.58,82.7,1991.5,Sugarcane
Oromia,186,86,118,33.6,6.29,77.4,1710.4,Sugarcane
Central Ethiopia,70,33,33,26.2,7.73,51.2,539.3,Sorghum
Somali,118,49,25,13.2,6.48,62.0,654.4,Wheat
Sidama,47,45,52,19.0,7.32,65.0,550.3,Onion
South West Ethiopia,134,40,64,23.4,6.83,76.9,1951.1,Rice
Benishangul-Gumuz,37,39,42,29.4,7.39,49.4,507.8,Sesame
Gambela,51,32,50,19.3,6.49,84.7,1618.2,Enset
Amhara,51,45,38,8.6,7.07,62.7,665.6,Barley
Somali,101,48,135,19.3,5.82,65.8,682.3,Potato
Sidama,26,50,71,26.7,5.66,41.2,939.2,Groundnut
Afar,41,23,53,21.2,7.08,45.0,734.8,Sesame
Afar,75,30,114,31.0,5.61,70.7,1983.2,Rice
Oromia,90,33,48,19.7,6.2,82.3,1766.2,Enset
Oromia,58,17,58,25.8,5.59,36.2,520.9,Millet
Amhara,30,10,40,33.4,6.02,57.9,561.9,Sorghum
Amhara,24,10,50,20.4,6.31,32.4,882.6,Sorghum
Afar,42,35,28,28.1,7.21,49.8,356.5,Sesame
Amhara,68,79,127,27.8,5.62,79.1,653.5,Tomato
Sidama,67,64,79,20.4,6.56,79.5,954.2,Cabbage
Sidama,109,50,58,23.0,5.4,61.1,1974.0,Coffee
Oromia,161,79,117,33.3,6.63,79.6,1412.6,Sugarcane
Somali,63,60,42,25.0,5.32,77.9,1463.4,Rice
Amhara,91,77,122,22.6,6.67,74.3,941.8,Cabbage
Central Ethiopia,22,38,37,26.8,6.48,54.3,793.6,Groundnut
Central Ethiopia,66,52,43,18.2,6.89,69.3,686.5,Wheat
Sidama,26,45,47,16.3,7.03,59.9,485.2,Lentil
Somali,21,42,48,24.9,6.14,46.7,520.4,Chickpea
Somali,52,32,66,24.6,6.81,70.2,1696.7,Enset
South West Ethiopia,57,26,65,25.6,5.65,68.9,1457.0,Enset
Amhara,17,44,21,21.1,6.92,50.8,540.8,Lentil
Benishangul-Gumuz,34,46,49,17.0,7.63,37.8,686.4,Chickpea
Benishangul-Gumuz,11,53,28,17.3,6.7,51.9,680.2,Chickpea
Gambela,94,65,83,17.8,5.63,75.8,1105.3,Potato
Amhara,27,32,20,16.8,6.46,55.5,685.4,Lentil
Amhara,82,46,67,25.9,7.02,77.9,413.7,Tomato
Tigray,68,54,80,16.9,6.08,58.9,759.8,Onion
Central Ethiopia,66,80,77,26.9,6.03,89.9,1739.7,Rice
Afar,109,67,136,19.9,6.19,69.5,644.7,Cabbage
Gambela,42,29,57,21.2,5.65,35.7,645.4,Millet
South West Ethiopia,33,27,22,20.6,7.07,50.3,582.4,Chickpea
Tigray,32,56,42,21.0,6.05,68.3,623.7,Groundnut
Oromia,28,19,59,33.2,7.14,48.4,394.6,Sesame
Central Ethiopia,119,39,43,21.3,5.32,64.0,1940.9,Coffee
Somali,81,65,44,23.2,6.66,54.5,1257.1,Maize
Gambela,14,24,47,15.1,6.78,32.7,615.3,Chickpea
Oromia,60,37,38,29.8,6.82,57.2,1123.2,Groundnut
Afar,80,35,114,31.8,5.25,81.0,1501.5,Rice
Benishangul-Gumuz,78,27,66,15.4,7.13,59.6,995.8,Wheat
Afar,66,73,45,21.2,6.74,59.0,691.2,Onion
Sidama,119,100,95,21.5,7.06,71.2,674.3,Cabbage
Afar,66,77,85,23.9,5.52,78.9,1740.7,Rice
Central Ethiopia,68,25,86,25.6,6.48,68.6,1849.2,Enset
Somali,75,47,93,23.1,5.13,61.3,1418.7,Coffee
Tigray,75,92,112,23.9,6.12,54.5,851.2,Tomato
South West Ethiopia,44,31,23,29.5,7.34,32.2,741.4,Millet
Central Ethiopia,68,44,49,17.7,6.61,64.8,510.4,Barley
Tigray,35,46,22,19.0,6.91,34.3,738.8,Chickpea
Benishangul-Gumuz,105,52,35,13.5,7.4,52.8,754.4,Wheat
Benishangul-Gumuz,114,99,131,18.2,5.57,60.5,574.1,Potato
Gambela,23,14,46,32.8,5.9,42.9,758.0,Sesame
Amhara,82,35,91,18.1,6.34,84.2,1129.0,Enset
South West Ethiopia,24,31,31,24.6,6.02,48.1,711.2,Chickpea
South West Ethiopia,73,64,108,23.3,6.62,54.9,475.2,Tomato
Central Ethiopia,75,53,53,20.5,7.07,51.6,546.7,Barley
South West Ethiopia,88,45,61,13.2,6.22,59.9,579.9,Barley
Oromia,124,74,80,29.4,5.68,51.0,864.5,Maize
Gambela,94,33,99,25.4,5.84,80.7,1432.6,Enset
Central Ethiopia,133,51,94,21.6,5.63,50.8,672.3,Maize
Benishangul-Gumuz,65,37,57,23.9,5.98,72.7,1267.7,Enset
Amhara,116,49,85,19.2,5.8,76.6,1773.6,Coffee
South West Ethiopia,152,66,177,30.2,6.15,70.8,1924.6,Sugarcane
Tigray,101,43,123,17.2,6.03,60.1,1157.8,Potato
Oromia,81,65,61,26.2,7.3,55.9,515.8,Onion
Oromia,48,22,53,24.2,6.23,42.0,622.4,Millet
Oromia,39,40,27,29.3,6.84,44.0,657.5,Sesame
Benishangul-Gumuz,20,18,42,22.8,6.85,33.4,770.8,Millet
Oromia,57,38,78,19.1,6.18,52.0,730.9,Wheat
Somali,44,16,44,34.8,6.03,45.7,369.8,Millet
Afar,37,32,42,22.3,6.38,35.3,850.2,Sorghum
Afar,44,49,59,8.3,7.2,61.7,696.0,Barley
Oromia,57,22,60,29.0,6.66,50.1,766.8,Groundnut
Benishangul-Gumuz,41,60,45,18.0,6.82,64.6,696.9,Onion
Central Ethiopia,48,11,14,22.8,6.75,65.9,531.5,Teff
Tigray,134,70,141,17.2,5.78,65.5,555.9,Potato
South West Ethiopia,72,36,84,28.7,5.45,76.9,1704.6,Rice
Tigray,103,52,87,20.6,7.04,70.0,478.4,Tomato
South West Ethiopia,46,46,93,17.7,6.3,65.0,359.5,Onion
South West Ethiopia,46,25,50,22.3,6.74,46.2,561.2,Sesame
Amhara,114,90,92,19.0,5.82,64.9,1188.7,Potato
South West Ethiopia,126,75,86,21.7,6.05,67.0,1387.3,Maize
Amhara,57,14,29,20.4,7.29,32.5,448.3,Millet
Amhara,69,30,42,18.3,6.76,72.1,1111.2,Enset
Amhara,38,32,45,33.9,6.07,47.8,457.7,Millet
Sidama,74,81,48,21.4,6.44,57.5,1324.0,Maize
Tigray,35,38,33,8.3,6.21,58.2,532.5,Barley
Central Ethiopia,104,85,134,16.9,6.78,72.0,752.5,Cabbage
Afar,115,99,131,22.2,6.56,76.3,999.0,Tomato
Central Ethiopia,33,25,16,17.9,6.62,64.3,547.9,Teff
Central Ethiopia,80,55,102,28.1,5.39,86.9,1590.4,Rice
Somali,31,29,36,17.6,6.91,46.3,473.1,Teff
Benishangul-Gumuz,25,32,57,35.0,7.28,58.9,534.4,Millet
Tigray,114,90,131,20.9,7.46,66.8,1025.0,Cabbage
Amhara,74,97,116,23.9,6.05,66.6,618.0,Tomato
South West Ethiopia,182,79,135,29.5,6.35,73.6,1654.8,Sugarcane
Gambela,36,16,48,33.5,7.03,31.2,529.3,Sesame
Oromia,12,45,41,22.3,6.38,48.6,314.2,Lentil
Benishangul-Gumuz,97,72,147,18.3,5.17,65.8,720.4,Potato
Amhara,133,60,42,32.5,5.32,79.0,1604.5,Rice
Amhara,82,47,86,18.9,6.21,62.8,1176.5,Cabbage
Tigray,186,85,166,33.1,7.88,67.9,1761.1,Sugarcane
Central Ethiopia,119,55,128,24.8,6.12,76.7,1429.7,Sugarcane
Afar,86,64,124,21.9,7.49,83.3,578.5,Cabbage
Oromia,52,28,45,30.1,7.47,48.6,678.7,Millet
Central Ethiopia,71,97,87,22.5,6.33,61.1,719.4,Tomato
Sidama,129,45,80,16.4,5.24,75.4,1153.1,Potato
Somali,150,54,50,33.4,6.32,78.3,1612.3,Rice
Sidama,73,45,64,19.6,5.92,79.1,1906.1,Enset
Afar,74,13,51,33.6,5.85,59.7,406.9,Sorghum
Somali,16,56,28,21.2,6.46,59.0,422.0,Lentil
Sidama,124,68,91,22.5,6.85,56.5,842.6,Maize
Afar,86,93,60,15.2,7.41,76.6,908.0,Cabbage
Central Ethiopia,65,48,149,20.5,6.36,55.7,456.3,Tomato
Gambela,47,80,60,16.0,6.04,55.1,350.0,Onion
Tigray,85,55,131,21.2,6.47,73.0,916.6,Potato
Somali,112,30,95,23.1,5.65,68.3,1519.0,Coffee
Sidama,33,15,36,20.8,6.53,65.6,518.2,Teff
Tigray,90,46,82,22.9,6.19,77.3,1705.9,Coffee
Benishangul-Gumuz,125,30,42,23.4,7.45,55.8,1359.5,Maize
Gambela,114,65,63,21.1,5.77,51.9,876.5,Tomato
Oromia,63,63,50,22.8,6.92,67.8,699.6,Onion
Amhara,69,37,50,21.1,5.55,74.4,1661.5,Rice
Oromia,104,43,110,26.2,7.08,56.9,400.5,Tomato
Amhara,29,48,25,20.0,6.28,39.9,409.7,Lentil
Oromia,89,47,74,18.5,6.71,53.5,441.8,Onion
Benishangul-Gumuz,52,37,89,25.0,5.7,61.3,1243.2,Enset
Amhara,21,38,32,29.9,6.86,52.3,606.2,Chickpea
Oromia,14,43,39,21.9,7.11,47.2,373.1,Chickpea
South West Ethiopia,117,73,112,23.9,5.76,78.5,1447.3,Maize
Afar,125,72,113,22.0,5.68,62.0,645.0,Potato
Sidama,13,50,35,15.1,7.02,55.6,318.6,Chickpea
Benishangul-Gumuz,43,13,17,18.5,5.63,69.1,641.9,Teff
South West Ethiopia,82,34,88,25.9,6.25,53.1,512.0,Onion
Amhara,47,77,98,16.7,7.26,62.5,630.8,Onion
Benishangul-Gumuz,51,10,30,23.2,6.07,57.1,707.0,Teff
South West Ethiopia,57,16,39,25.2,7.17,51.4,752.8,Sesame
Afar,17,37,21,15.3,7.45,56.2,614.5,Lentil
Central Ethiopia,43,77,44,26.9,6.85,52.3,588.9,Onion
Gambela,105,67,54,22.7,5.75,55.0,1158.0,Maize
Central Ethiopia,97,98,102,23.1,7.29,72.5,891.7,Tomato
Oromia,81,30,66,23.3,5.95,86.4,1976.7,Rice
Sidama,116,54,155,34.2,7.53,75.9,1878.4,Sugarcane
South West Ethiopia,88,64,120,19.6,6.25,79.1,821.3,Cabbage
South West Ethiopia,136,68,118,27.4,5.39,75.1,1038.5,Rice
Amhara,64,28,52,21.2,7.38,65.4,504.9,Wheat
Gambela,29,51,77,28.2,6.51,61.1,646.7,Groundnut
South West Ethiopia,63,57,120,20.2,6.66,70.1,403.6,Tomato
Tigray,94,52,70,24.3,7.39,52.4,696.3,Wheat
Benishangul-Gumuz,65,29,81,27.0,6.24,68.1,1547.6,Enset
Oromia,76,51,80,23.9,6.47,73.4,890.4,Cabbage
Benishangul-Gumuz,28,37,46,22.7,7.64,54.8,348.9,Lentil
Somali,84,61,77,27.7,5.65,74.8,1099.9,Rice
Benishangul-Gumuz,116,33,73,11.7,6.44,59.6,941.2,Wheat
Benishangul-Gumuz,97,39,113,19.1,6.31,57.8,853.5,Maize
Somali,69,35,59,21.3,6.03,63.4,1799.9,Enset
Amhara,115,78,149,32.7,7.43,60.1,1406.6,Sugarcane
Benishangul-Gumuz,104,99,126,23.3,6.28,83.3,1018.3,Cabbage
Tigray,70,31,29,19.8,6.63,41.3,722.5,Barley
Tigray,120,52,101,21.5,7.41,78.3,923.0,Cabbage
Central Ethiopia,126,58,104,27.0,6.79,81.6,1284.2,Rice
Tigray,32,52,67,10.0,7.22,40.1,605.0,Barley
South West Ethiopia,14,32,41,22.0,6.57,38.6,729.9,Chickpea
South West Ethiopia,117,90,107,22.6,7.44,66.3,1384.2,Sugarcane
Oromia,99,42,54,26.3,6.86,61.8,1940.6,Enset
Amhara,58,40,61,17.6,6.72,49.9,713.8,Wheat
Tigray,118,42,63,16.1,7.44,67.5,918.6,Wheat
Somali,19,30,26,21.1,7.26,56.7,687.7,Lentil
Oromia,82,47,64,19.9,5.72,66.3,1145.0,Enset
Somali,65,26,41,25.2,5.6,39.3,442.3,Sorghum
Tigray,82,37,71,19.7,5.27,85.2,1590.7,Coffee
South West Ethiopia,92,50,59,15.7,7.27,59.2,636.3,Wheat
Sidama,48,46,37,24.6,5.69,55.0,597.4,Groundnut
Tigray,122,89,92,20.3,5.77,76.7,967.7,Potato
Sidama,28,13,39,18.4,7.23,40.6,934.2,Teff
Sidama,29,43,43,26.4,6.39,57.9,448.5,Chickpea
Sidama,112,54,137,18.6,5.34,74.9,835.3,Potato
Somali,31,41,43,16.5,6.72,49.5,615.9,Lentil
Somali,47,52,26,19.1,7.26,54.7,670.4,Barley
Sidama,40,10,36,27.3,6.44,36.5,496.6,Sorghum
Central Ethiopia,108,56,28,24.2,7.27,66.9,460.6,Wheat
Sidama,74,38,44,27.1,6.85,71.2,1601.7,Enset
South West Ethiopia,24,54,30,26.6,6.28,41.5,834.5,Groundnut
Central Ethiopia,34,36,29,19.7,7.44,39.6,464.4,Lentil
Oromia,61,32,98,22.3,6.05,53.2,656.2,Onion
Gambela,40,12,52,21.9,5.87,52.3,590.3,Sorghum
Central Ethiopia,71,71,117,24.0,5.79,67.1,672.7,Tomato
Afar,30,50,20,16.6,7.21,43.4,613.4,Chickpea
Gambela,97,49,70,22.0,6.72,65.7,600.4,Cabbage
Afar,40,12,32,18.3,6.38,47.0,457.8,Teff
Benishangul-Gumuz,22,12,55,22.0,5.61,40.7,670.2,Millet
Tigray,86,96,111,17.3,6.45,80.8,604.7,Cabbage
Somali,57,27,33,34.5,7.12,45.1,578.1,Sesame
South West Ethiopia,34,29,39,24.3,6.81,31.2,505.4,Lentil
Sidama,42,24,46,21.6,6.62,30.0,633.6,Sesame
Somali,67,34,40,21.2,6.29,68.2,1270.5,Coffee
Afar,106,87,100,15.7,6.44,74.0,933.4,Potato
Benishangul-Gumuz,62,26,30,21.3,7.45,35.3,494.5,Sorghum
Gambela,69,23,32,12.2,6.49,43.6,681.9,Barley
Gambela,74,28,65,19.5,6.02,82.6,1724.4,Coffee
South West Ethiopia,20,39,49,20.7,5.9,53.8,553.7,Groundnut
Benishangul-Gumuz,88,99,130,20.8,6.11,75.8,1054.4,Potato
Central Ethiopia,94,41,77,18.2,6.19,57.9,407.8,Onion
Sidama,116,21,98,21.0,5.74,64.9,1870.5,Coffee
Gambela,48,40,37,20.6,5.52,41.6,639.1,Millet
Benishangul-Gumuz,132,77,118,28.4,5.21,86.1,1640.0,Rice
Tigray,125,52,116,27.8,7.3,70.6,846.3,Maize
South West Ethiopia,74,44,45,21.0,6.38,45.0,909.0,Wheat
Sidama,103,21,60,21.2,6.89,48.6,405.3,Wheat
Gambela,101,34,97,19.2,5.43,77.9,1578.7,Coffee
Gambela,88,38,116,29.6,5.0,79.6,1109.3,Rice
Sidama,129,51,103,25.8,6.18,87.1,1119.0,Rice
South West Ethiopia,84,41,150,18.9,7.43,51.0,531.0,Tomato
South West Ethiopia,73,36,52,24.0,7.21,66.7,718.6,Onion
Amhara,74,31,87,23.0,6.3,60.6,1520.5,Enset
Sidama,86,63,108,16.2,6.89,70.6,1106.5,Cabbage
Amhara,77,48,95,27.7,6.16,64.9,421.7,Onion
Gambela,78,41,81,24.0,7.19,65.4,404.0,Onion
Amhara,27,17,25,15.7,7.29,66.0,742.3,Teff
Sidama,86,30,70,21.5,6.44,61.4,1818.2,Enset
Oromia,18,58,43,22.9,6.6,47.4,430.3,Lentil
Afar,13,50,45,16.0,6.54,46.5,348.5,Lentil
Benishangul-Gumuz,52,28,53,10.5,7.09,66.8,694.7,Wheat
Sidama,59,40,60,23.2,6.8,33.6,461.3,Sorghum
Somali,77,75,77,24.9,6.16,71.4,1173.6,Maize
Tigray,26,26,40,33.5,5.89,42.4,443.1,Sesame
Afar,49,37,22,16.0,6.53,63.8,711.8,Barley
Oromia,57,36,35,25.8,6.6,44.0,859.3,Groundnut
Amhara,42,28,19,18.9,6.99,46.6,1023.0,Teff
Oromia,43,42,64,21.9,6.29,40.7,1135.7,Groundnut
Oromia,70,54,77,22.9,6.2,68.9,471.1,Onion
Afar,75,65,83,29.5,5.1,74.4,1601.4,Rice
Afar,34,26,54,21.0,6.98,39.1,702.1,Sesame
Afar,59,40,40,34.3,7.36,52.2,696.6,Sorghum
Benishangul-Gumuz,82,64,98,26.1,7.49,76.3,652.8,Tomato
Benishangul-Gumuz,85,33,94,17.7,6.46,55.9,529.6,Onion
Afar,48,40,22,27.0,6.23,36.0,893.3,Sorghum
Amhara,40,47,46,19.4,6.23,56.6,546.5,Lentil
Benishangul-Gumuz,33,32,35,22.6,6.38,57.3,635.0,Lentil
Amhara,34,52,49,24.8,6.19,57.6,415.9,Lentil
Afar,42,36,82,17.6,6.62,53.9,349.3,Onion
Afar,17,53,36,26.5,7.62,55.3,497.2,Chickpea
Benishangul-Gumuz,153,69,142,28.3,6.1,63.2,1214.7,Sugarcane
Sidama,10,24,30,29.2,6.88,34.9,586.8,Chickpea
Sidama,54,52,73,21.6,6.17,40.0,533.8,Groundnut
Oromia,51,50,80,17.2,7.2,42.2,905.6,Wheat
Gambela,80,93,138,19.2,5.47,67.7,689.8,Potato
Benishangul-Gumuz,28,41,65,28.3,6.63,50.7,1058.0,Groundnut
Oromia,82,33,29,17.8,7.36,62.5,593.9,Barley
Gambela,114,56,136,19.0,5.21,70.6,671.4,Potato
Tigray,54,24,57,11.6,6.35,54.9,604.0,Barley
Somali,35,30,23,26.1,6.84,55.4,715.9,Sesame
South West Ethiopia,83,74,131,18.0,7.33,61.0,730.6,Cabbage
Amhara,99,78,130,22.3,6.38,67.3,533.3,Cabbage
Benishangul-Gumuz,35,38,33,30.4,6.44,32.5,480.1,Sorghum
Tigray,87,22,23,23.8,6.61,55.2,454.1,Wheat
Benishangul-Gumuz,74,64,103,23.9,6.25,73.4,892.8,Maize
Gambela,93,37,97,26.5,5.59,60.4,1476.3,Enset
Amhara,40,59,34,29.4,6.68,47.9,1177.7,Groundnut
Afar,137,80,131,20.0,5.8,74.0,753.3,Potato
Sidama,37,31,27,21.3,6.19,38.3,627.5,Lentil
Amhara,49,25,22,13.5,7.27,40.7,403.2,Wheat
Tigray,48,30,15,15.8,6.91,68.8,615.4,Teff
Somali,87,72,102,28.9,6.08,87.3,1927.9,Rice
Benishangul-Gumuz,110,87,176,22.0,7.4,74.6,1362.3,Sugarcane
Tigray,90,34,57,24.4,6.71,51.6,524.0,Onion
Somali,67,30,21,34.0,7.62,53.7,441.7,Sorghum
Tigray,78,61,72,26.2,5.81,79.8,1686.4,Rice
South West Ethiopia,120,48,90,20.0,6.3,84.8,716.7,Cabbage
Benishangul-Gumuz,52,32,36,23.1,6.11,39.0,359.7,Sorghum
Sidama,80,24,70,25.8,6.42,83.7,1579.7,Enset
Sidama,72,50,66,15.0,7.23,69.6,618.7,Wheat
Benishangul-Gumuz,10,36,36,28.2,6.92,38.5,772.3,Chickpea
Sidama,81,72,93,16.0,7.13,65.4,1040.4,Cabbage
Tigray,42,10,22,34.5,7.11,51.0,635.8,Sesame
Central Ethiopia,85,87,92,19.9,5.68,61.4,1247.9,Maize
South West Ethiopia,86,49,85,19.9,7.36,79.2,752.8,Cabbage
Sidama,70,33,20,26.1,6.26,34.5,747.1,Sorghum
Gambela,75,42,90,20.4,6.41,78.9,547.0,Cabbage
Gambela,108,44,78,19.9,6.41,83.5,587.6,Cabbage
South West Ethiopia,96,32,98,28.0,5.61,69.7,1173.4,Enset
Afar,91,45,134,20.2,6.34,64.3,714.9,Tomato
Tigray,28,21,43,20.5,7.38,44.0,784.6,Sesame
Benishangul-Gumuz,118,96,104,20.6,5.7,76.1,439.3,Tomato
Sidama,67,49,64,22.7,6.74,71.8,1362.1,Enset
Sidama,108,84,192,26.9,6.95,81.4,1436.6,Sugarcane
Oromia,52,38,35,20.0,7.44,54.0,680.3,Millet
Somali,20,23,23,17.2,7.17,57.5,961.1,Teff
Oromia,30,53,70,21.3,7.14,62.6,391.4,Barley
Tigray,112,54,97,28.3,6.13,68.4,596.6,Maize
Benishangul-Gumuz,139,55,89,28.9,6.76,86.8,1899.8,Rice
Afar,56,23,43,9.5,6.16,61.0,612.7,Barley
Somali,161,90,145,33.3,7.9,67.9,1935.6,Sugarcane
Afar,98,37,59,21.7,6.26,69.0,1887.7,Enset
Tigray,194,62,144,21.2,7.93,63.6,1461.1,Sugarcane
Tigray,10,55,27,22.5,7.19,56.5,652.3,Lentil
Oromia,74,32,40,24.2,5.6,51.3,310.9,Sorghum
Afar,76,13,48,22.7,5.51,37.2,723.2,Sorghum
Afar,44,56,83,24.6,7.38,69.9,422.6,Onion
Gambela,106,72,118,27.9,7.41,67.0,918.8,Tomato
Gambela,62,45,21,11.0,6.61,44.6,667.6,Barley
Amhara,95,33,99,21.1,6.01,73.6,1486.8,Coffee
Central Ethiopia,96,43,77,22.0,5.72,79.3,1154.7,Enset
Oromia,30,34,29,33.9,7.43,37.0,566.5,Millet
Benishangul-Gumuz,80,52,55,12.7,6.38,41.7,533.4,Barley
Gambela,103,60,66,23.8,5.58,68.5,1277.0,Maize
Amhara,33,43,43,16.1,7.99,51.1,418.0,Lentil
Somali,11,45,41,27.6,7.76,38.3,481.4,Chickpea
Benishangul-Gumuz,74,20,94,22.0,5.58,64.0,1397.3,Coffee
Central Ethiopia,66,80,64,26.0,6.94,65.6,579.3,Onion
Afar,56,27,36,26.9,5.71,45.5,599.8,Sesame
Tigray,56,11,24,22.8,7.49,56.9,480.0,Sorghum
South West Ethiopia,112,40,40,16.9,6.7,56.1,518.3,Wheat
South West Ethiopia,90,79,129,15.0,6.15,62.0,683.9,Potato
Tigray,195,68,114,29.0,7.29,65.1,1796.8,Sugarcane
Oromia,71,45,104,26.9,5.72,55.1,849.5,Maize
Tigray,71,32,42,20.4,6.45,63.5,1187.0,Enset
South West Ethiopia,43,57,50,21.6,5.94,55.0,728.3,Groundnut
Gambela,68,32,50,27.0,6.39,84.7,1390.4,Rice
Gambela,38,40,22,15.1,7.81,30.2,530.3,Lentil
Central Ethiopia,46,40,42,20.0,6.75,58.2,449.1,Millet
Benishangul-Gumuz,82,66,114,33.7,5.01,79.5,1815.5,Rice
Tigray,80,36,57,18.2,5.68,81.1,1980.0,Enset
Central Ethiopia,20,19,27,22.9,5.77,49.0,479.7,Millet
Central Ethiopia,22,36,48,15.4,7.33,35.5,535.4,Lentil
Oromia,194,62,174,21.4,6.97,73.7,1833.6,Sugarcane
South West Ethiopia,79,74,63,25.2,6.58,50.3,909.1,Tomato
Oromia,93,71,92,20.9,6.5,65.3,1141.5,Maize
Oromia,134,95,134,15.2,5.98,71.2,819.2,Potato
Central Ethiopia,74,49,63,25.5,5.91,85.0,1610.1,Enset
Afar,116,41,135,22.9,7.45,80.9,583.8,Cabbage
Sidama,31,34,42,21.2,7.61,58.8,691.8,Chickpea
Central Ethiopia,30,26,39,23.0,6.28,43.9,560.5,Lentil
Amhara,36,57,32,27.6,5.57,46.9,837.1,Groundnut
Benishangul-Gumuz,89,54,135,16.5,6.26,80.2,1068.0,Cabbage
South West Ethiopia,47,39,27,30.3,6.94,49.9,319.3,Sesame
Tigray,41,14,49,23.9,6.07,34.8,448.0,Millet
Benishangul-Gumuz,74,47,96,18.1,6.03,75.4,1633.1,Coffee
Afar,52,11,26,18.5,6.94,61.2,509.3,Teff
Afar,110,64,94,21.4,6.25,60.4,900.4,Potato
Gambela,55,45,32,18.3,6.25,50.4,734.2,Barley
Central Ethiopia,44,38,46,32.2,6.76,31.7,343.1,Millet
Sidama,42,24,25,29.0,6.82,51.9,345.2,Sesame
Benishangul-Gumuz,22,51,26,24.6,7.08,33.0,685.9,Chickpea
Somali,111,45,79,28.4,6.56,81.5,1642.8,Rice
Central Ethiopia,67,35,70,21.0,6.49,62.1,1596.1,Enset
Sidama,57,33,90,21.9,5.81,63.3,1789.8,Coffee
South West Ethiopia,27,21,47,29.2,7.49,36.1,376.2,Sesame
Central Ethiopia,95,55,58,20.0,6.79,52.8,769.0,Barley
South West Ethiopia,96,57,110,17.1,6.53,61.7,761.1,Cabbage
Amhara,58,38,58,14.2,7.44,48.5,359.9,Barley
Benishangul-Gumuz,51,14,10,15.1,6.51,46.9,741.7,Teff
Somali,93,84,111,19.5,6.79,76.5,572.9,Cabbage
Sidama,47,11,24,34.3,6.58,35.5,608.5,Sesame
Afar,63,41,42,23.4,6.79,61.1,1478.0,Enset
Tigray,104,76,54,29.0,6.08,70.9,1175.9,Maize
South West Ethiopia,44,37,84,25.9,6.89,68.2,1016.9,Enset
Gambela,32,40,28,33.4,6.89,36.9,668.5,Millet
Afar,146,53,115,27.9,6.37,86.9,1989.4,Rice
Afar,35,59,57,20.6,5.52,56.4,1009.5,Groundnut
Afar,27,32,30,24.0,5.62,32.1,310.6,Millet
Afar,25,14,27,32.9,7.3,33.5,398.1,Millet
Amhara,34,25,32,24.0,6.49,31.3,372.9,Millet
Oromia,101,60,92,20.6,5.18,79.1,702.5,Potato
Amhara,25,22,33,31.1,7.39,53.3,406.6,Sesame
Gambela,39,38,46,31.2,7.11,58.9,609.3,Sesame
South West Ethiopia,63,35,29,28.5,7.84,44.1,392.0,Sorghum
Afar,107,64,144,18.2,6.18,73.8,1089.2,Potato
Benishangul-Gumuz,64,66,76,27.5,5.17,76.4,1770.0,Rice
Central Ethiopia,84,40,60,20.8,7.01,52.1,387.7,Barley
Somali,56,48,77,26.7,5.93,41.9,884.6,Groundnut
Oromia,30,53,38,19.8,6.33,48.0,339.1,Lentil
Gambela,33,20,27,25.6,6.51,45.0,541.0,Millet
South West Ethiopia,109,83,76,22.4,6.78,54.1,455.1,Tomato
South West Ethiopia,49,37,31,34.7,7.34,51.6,392.7,Millet
Central Ethiopia,51,48,85,24.5,7.12,64.3,712.0,Onion
Sidama,22,31,67,21.2,6.64,44.7,519.8,Groundnut
Sidama,15,46,32,22.7,7.82,35.9,497.0,Chickpea
Amhara,114,76,65,16.9,7.05,60.8,943.2,Cabbage
Tigray,131,94,150,16.4,5.4,77.8,511.7,Potato
Tigray,104,59,47,20.1,5.77,84.1,1178.7,Rice
Amhara,50,34,87,23.6,5.19,81.7,1947.7,Coffee
Benishangul-Gumuz,53,37,62,23.6,6.48,64.5,683.5,Onion
Central Ethiopia,32,27,39,18.7,7.59,59.4,504.1,Chickpea
Sidama,55,29,58,16.2,7.24,62.8,317.0,Barley
Oromia,58,40,37,21.0,7.3,54.4,893.0,Wheat
Afar,116,84,96,16.8,5.64,64.0,1131.1,Potato
Somali,47,20,39,22.7,6.3,49.4,885.9,Teff
Oromia,25,22,31,15.1,5.58,62.7,770.5,Teff
Gambela,122,86,78,23.7,6.34,50.8,1099.8,Maize
Amhara,81,52,46,25.4,6.73,61.5,793.2,Onion
South West Ethiopia,19,41,38,18.7,8.0,38.6,432.6,Chickpea
Afar,95,88,94,18.5,5.53,68.6,838.2,Tomato
Oromia,35,39,32,29.4,5.75,51.3,423.4,Sesame
Afar,43,33,59,22.6,6.47,49.8,638.2,Sesame
Somali,72,83,131,23.9,7.05,54.1,629.6,Tomato
South West Ethiopia,50,41,93,22.3,5.36,76.5,1871.1,Coffee
Afar,142,58,108,34.1,6.95,74.3,1477.5,Rice
Sidama,88,44,78,19.0,5.87,73.5,1362.2,Enset
Afar,79,45,66,13.2,7.27,59.0,528.7,Wheat
Oromia,10,32,24,22.1,6.2,30.0,513.8,Chickpea
Afar,40,16,44,28.1,6.48,54.2,647.3,Sorghum
South West Ethiopia,89,54,119,28.5,6.36,66.7,1273.6,Maize
South West Ethiopia,12,32,43,20.3,6.37,59.6,426.8,Lentil
Tigray,74,62,109,22.8,6.64,67.9,1053.0,Cabbage
Benishangul-Gumuz,99,25,90,20.6,6.1,88.4,1941.7,Coffee
Benishangul-Gumuz,31,22,33,21.1,6.19,50.4,508.2,Chickpea
Amhara,88,34,82,16.1,6.68,64.8,672.8,Onion
Oromia,23,37,39,16.3,6.76,30.1,510.0,Chickpea
Central Ethiopia,118,75,127,21.0,5.65,80.0,703.2,Potato
Somali,75,35,50,34.3,6.91,41.3,851.6,Sorghum
Gambela,94,37,80,13.1,6.53,53.5,452.7,Wheat
Oromia,89,46,44,30.6,5.48,74.9,1424.4,Rice
South West Ethiopia,179,58,158,33.5,6.58,72.7,1941.8,Sugarcane
Oromia,153,88,193,21.4,6.7,60.5,1387.9,Sugarcane
Amhara,161,70,152,27.3,6.92,69.7,1731.2,Sugarcane
Central Ethiopia,99,56,99,18.3,6.51,69.0,536.3,Onion
South West Ethiopia,77,10,49,28.2,5.56,52.8,706.8,Sorghum
Sidama,70,65,98,19.0,6.89,72.7,979.3,Cabbage
Amhara,103,99,75,29.9,5.54,57.4,776.3,Tomato
Afar,20,38,46,16.0,6.61,43.1,657.1,Chickpea
Somali,102,95,121,18.0,5.21,68.9,923.7,Potato
Somali,114,46,98,23.0,7.24,69.7,904.1,Tomato
South West Ethiopia,42,45,77,29.7,5.77,69.4,587.6,Groundnut
Amhara,32,30,34,15.3,6.99,44.5,468.7,Lentil
Tigray,55,47,43,22.0,6.74,57.5,719.5,Wheat
Tigray,87,45,142,18.0,6.88,78.7,605.5,Cabbage
Afar,58,60,30,22.1,6.94,69.7,709.6,Groundnut
Gambela,49,41,72,21.5,5.54,84.8,1240.5,Enset
Somali,17,46,44,18.4,6.14,44.6,599.8,Lentil
Benishangul-Gumuz,42,44,46,15.8,7.02,54.0,404.7,Onion
Sidama,51,14,59,21.2,5.69,35.1,561.6,Millet
Benishangul-Gumuz,116,40,66,17.9,6.67,62.8,947.6,Wheat
Tigray,155,55,101,31.6,7.62,81.0,1523.1,Sugarcane
Somali,101,62,74,23.7,7.06,59.0,821.8,Tomato
Central Ethiopia,48,14,17,23.7,7.24,47.1,1023.8,Teff
Somali,31,47,42,17.7,7.13,47.8,505.0,Chickpea
Central Ethiopia,14,34,34,20.7,6.14,50.3,711.0,Chickpea
Gambela,151,82,180,23.0,7.06,72.6,1449.9,Sugarcane
Afar,22,35,30,24.6,7.7,47.1,796.7,Chickpea
Oromia,52,47,99,18.7,5.94,78.6,1212.3,Coffee
Tigray,96,43,47,21.9,5.31,73.4,1378.6,Coffee
Tigray,22,11,46,25.7,6.49,39.2,518.7,Sesame
Central Ethiopia,117,20,95,20.7,6.31,88.6,1548.3,Coffee
South West Ethiopia,57,10,55,28.5,6.93,45.3,681.0,Sorghum
Tigray,95,77,142,20.3,6.02,67.1,756.2,Potato
Somali,49,56,27,20.0,6.41,47.1,646.4,Barley
Sidama,50,39,35,20.3,6.65,69.5,787.4,Groundnut
Amhara,14,34,43,22.0,6.59,49.4,639.2,Lentil
Amhara,85,44,51,21.6,6.38,85.4,1773.5,Coffee
Sidama,42,36,66,26.8,7.31,57.3,471.5,Onion
Somali,67,41,59,18.5,6.2,61.5,686.4,Barley
Somali,25,41,38,21.3,7.7,36.0,491.5,Chickpea
Amhara,35,10,44,25.7,5.74,31.4,464.5,Sorghum
Afar,58,27,26,21.5,7.0,54.6,968.8,Teff
Benishangul-Gumuz,97,32,64,13.8,6.39,48.1,382.0,Barley
Central Ethiopia,63,35,26,23.9,6.17,34.8,687.2,Sorghum
South West Ethiopia,12,27,23,23.0,6.49,43.7,370.7,Lentil
South West Ethiopia,60,50,58,11.2,7.22,59.3,805.3,Wheat
Sidama,47,31,100,18.7,6.57,66.6,791.0,Onion
Sidama,91,43,67,18.0,5.6,75.2,1135.3,Maize
Afar,74,32,83,22.1,5.93,86.9,1321.9,Coffee
Gambela,46,34,57,25.3,6.52,32.0,566.5,Sesame
Sidama,85,31,95,18.1,5.53,70.6,1664.9,Enset
Central Ethiopia,25,32,45,22.7,6.69,57.6,563.1,Chickpea
Amhara,37,58,61,16.6,6.16,51.0,597.0,Barley
Central Ethiopia,75,51,24,20.2,7.03,59.1,557.7,Barley
South West Ethiopia,166,98,179,23.6,6.22,75.9,1628.0,Sugarcane
Benishangul-Gumuz,27,39,60,26.3,5.56,46.0,377.0,Sesame
Oromia,50,51,85,26.1,6.91,66.6,660.1,Onion
South West Ethiopia,58,49,38,14.8,6.95,51.5,351.2,Barley
Tigray,90,31,23,25.0,6.51,44.0,685.8,Wheat
South West Ethiopia,64,55,79,10.5,6.55,56.6,845.5,Wheat
Somali,64,61,76,24.5,6.41,68.3,1064.4,Cabbage
Somali,89,56,110,23.5,6.91,81.0,973.4,Cabbage
South West Ethiopia,54,16,57,29.6,7.06,47.0,538.1,Sesame
Afar,40,59,43,24.1,6.03,58.5,787.6,Onion
Sidama,58,80,90,17.8,6.95,62.6,346.3,Onion
Somali,85,25,49,23.5,6.94,68.9,1098.4,Enset
South West Ethiopia,148,34,57,33.1,5.44,83.6,1558.8,Rice
South West Ethiopia,119,81,96,15.3,5.87,78.5,674.8,Potato
Tigray,40,28,53,12.5,6.49,69.6,891.4,Wheat
